position,density,pressure,specific_internal_energy,velocity,sound_speed
0.0,0.0002809411706844961,0.05731131180980444,509.9938865329788,0.0,16.899602849134297
0.001,0.0003070825430773346,0.05731131294092611,487.57361510244857,0.0009356976999707676,16.45930582725617
0.002,0.00033322391547017314,0.057311314072047786,465.15334367191826,0.0018713953999415353,16.01900880537804
0.003,0.00035936528786301164,0.057311315203169455,442.733072241388,0.002807093099912303,15.578711783499912
0.004,0.0003855066602558502,0.057311316334291124,420.31280081085777,0.0037427907998830705,15.138414761621783
0.005,0.0004116480326486887,0.0573113174654128,397.8925293803275,0.004678488499853838,14.698117739743655
0.006,0.0004377894050415272,0.05731131859653447,375.47225794979727,0.005614186199824606,14.257820717865526
0.007,0.0004639307774343657,0.057311319727656136,353.05198651926696,0.006549883899795373,13.817523695987397
0.008,0.0004900721498272043,0.05731132085877781,330.6317150887367,0.007485581599766141,13.37722667410927
0.009000000000000001,0.0005162135222200428,0.05731132198989948,308.21144365820646,0.00842127929973691,12.93692965223114
0.01,0.0005423548946128813,0.05731132312102115,285.7911722276762,0.009356976999707676,12.496632630353012
0.011,0.0005684962670057198,0.057311324252142824,263.37090079714596,0.010292674699678442,12.056335608474884
0.012,0.0005946376393985583,0.05731132538326449,240.95062936661566,0.011228372399649212,11.616038586596755
0.013000000000000001,0.000762515866777623,0.057311335806384756,188.6050058045276,0.01239712184381278,10.272307721764498
0.014,0.0009347182517220081,0.05731134842269746,153.2850896971205,0.013455136474953824,9.264968981620363
0.015,0.0010722340547754299,0.05731136009882947,133.91879777209394,0.014210770105999884,8.657570072309408
0.016,0.001282089002998805,0.05731138011469668,111.75390316242756,0.015268031395847504,7.910890327324694
0.017,0.0014890852179104738,0.0573114028431015,96.41498687414493,0.01620606652789307,7.346084738787424
0.018000000000000002,0.0016994286457580373,0.05731142838396578,84.30984808779922,0.017089796117379003,6.871209131526092
0.019,0.001960862259322805,0.05731146423227225,73.20226445719996,0.018092546519755486,6.401143054491159
0.02,0.002221190468460394,0.05731150351304096,64.50539060790915,0.019021726139618316,6.010242818757751
0.021,0.00251437803470627,0.05731155292647633,57.07865890587748,0.01998486046042036,5.652500956995807
0.022,0.002827239958900249,0.05731161035012334,50.67805632283211,0.02094886630930473,5.327261166939911
0.023,0.0031625705449560932,0.057311678457487275,45.35704907961953,0.021906411028563392,5.0391082098099265
0.024,0.003510641172241459,0.05731175487746914,40.81288293619381,0.022843878136047404,4.780712754837769
0.025,0.0038980681113630453,0.05731184815588034,36.796621033940774,0.023817608376049713,4.538777308261021
0.026000000000000002,0.0042945427643444134,0.05731195071773895,33.36324369242133,0.02476177430382825,4.322431777108338
0.027,0.004721535661280774,0.05731207094779877,30.372907438567285,0.025715922634643413,4.123720881944265
0.028,0.005167639452604026,0.05731220516845007,27.72649180254336,0.02666438182391498,3.940410563561147
0.029,0.005645205877989687,0.05731236065480274,25.401169466415134,0.027621350907044512,3.7711840319474903
0.03,0.006137644140730722,0.057312531121919974,23.344678270601317,0.028563726778973408,3.615663124730612
0.031,0.006666059648755229,0.05731272803391342,21.509562321398622,0.02952054925434385,3.4703325640148734
0.032,0.00722145693421839,0.05731294735372068,19.84119959303057,0.03048340985031657,3.333327432476011
0.033,0.0077954418986821575,0.05731319033682934,18.39246951592541,0.031427890527790464,3.2090631767790327
0.034,0.008397841746069988,0.05731345931875386,17.061960993006135,0.032380234088326125,3.0910674784099155
0.035,0.009029065263066386,0.0573137602088541,15.878219463140443,0.03333036948128103,2.9817018035404517
0.036000000000000004,0.009685627549189241,0.057314089445239955,14.79359214314347,0.03428176292871759,2.8782653804262632
0.037,0.010377235697904514,0.05731445835832032,13.814736750223773,0.03523853066092443,2.7812358134127004
0.038,0.011089815441176215,0.05731485719170322,12.920606635817979,0.03618934402292381,2.6898958559873773
0.039,0.01183531700780981,0.05731529955764099,12.112415976918706,0.03714140399689632,2.604260324834028
0.04,0.012606741885885998,0.057315778607906036,11.366096634387846,0.03809349836747195,2.522897959739393
0.041,0.013412854840476777,0.05731630780645093,10.687485495100582,0.03904775272560268,2.446298611610611
0.042,0.01424298209264913,0.05731687692795723,10.060547109291592,0.03999894826662104,2.3735851324954176
0.043000000000000003,0.015110124951239139,0.057317503698120054,9.48681033903805,0.04095389707239352,2.3048040200059132
0.044,0.016001763534448942,0.05731817543648054,8.954977886200597,0.041905743565285626,2.239372147784359
0.045,0.016929088321314033,0.057318910200583564,8.467458815210357,0.04285889539542922,2.1774689654570105
0.046,0.017883380319178726,0.05731969679138981,8.012984090306222,0.043811100319194655,2.118317986179479
0.047,0.01887292363515706,0.05732055278288645,7.595368449948655,0.04476331941005214,2.062297123507943
0.048,0.019891384779779257,0.05732146768439248,7.2043083373791905,0.045715964104617104,2.0085847427809327
0.049,0.020945672776223286,0.0573224596375741,6.843789792313821,0.046668419017901586,1.9576118336796184
0.05,0.022030020978857718,0.057323517529994934,6.505159208087967,0.04762171324989104,1.9086354173936049
0.051000000000000004,0.02315020739484069,0.0573246600276312,6.192165489285665,0.04857418351698813,1.8620905853343968
0.052000000000000005,0.02430077790200875,0.05732587510769252,5.897534982095558,0.04952721111690171,1.817311087836508
0.053,0.025488164215380523,0.05732718375471513,5.624309074587071,0.050479675939916674,1.774660242564539
0.054,0.026705769345791844,0.0573285714306619,5.366684131840547,0.05143208440142079,1.7335925455050576
0.055,0.02796270732350496,0.05733006404920181,5.126763272587371,0.052385332113281405,1.6943500807999716
0.056,0.02924963206155391,0.05733164240756471,4.900202016807775,0.05333791311357532,1.6565364859888698
0.057,0.030575803998208344,0.05733333465555655,4.688805076667767,0.05429071042889787,1.620367427512687
0.058,0.031934160821912645,0.05733512282303903,4.4885415294596305,0.05524401880174656,1.5854284141825492
0.059000000000000004,0.03333184872474883,0.05733703453661108,4.301327673303727,0.05619708273636222,1.551974030512424
0.06,0.03476005973517976,0.05733904762893369,4.123917512352714,0.05714916100555067,1.5196689793891034
0.061,0.03622955730039752,0.057341196888094303,3.957534997415315,0.058101877304401556,1.4886625967211913
0.062,0.03773253333503815,0.05734346000700539,3.7993380604633757,0.0590551748138175,1.4586395421280371
0.063,0.03927685935605916,0.057345870095048775,3.650744580375732,0.060008643946543025,1.429799835146572
0.064,0.04085257909447306,0.05734839939197648,3.509472392144218,0.06096106696533974,1.4018931983574074
0.065,0.04247136677386894,0.057351089394875036,3.3764239105553346,0.061914298438052975,1.375034414631789
0.066,0.04412398820846239,0.05735391158103268,3.249587917464869,0.06286762826408222,1.3489882259605999
0.067,0.04581909947717446,0.05735690520007271,3.1300147939314846,0.0638209967191257,1.3239110840730306
0.068,0.047549840164965294,0.05736004375599687,3.0157853084782684,0.06477513809861367,1.2995536821339202
0.069,0.04932177775633857,0.05736336346693614,2.908033611888424,0.06572823862553623,1.2761031968927763
0.07,0.051129716444885606,0.05736683873285451,2.804965620858279,0.06668201481625341,1.25330792213272
0.07100000000000001,0.05298054988610223,0.057370510826169334,2.70752311844279,0.06763533947125734,1.2313247970749066
0.07200000000000001,0.05486717794397463,0.05737434849143236,2.6142381766936253,0.06858893526776116,1.2099476761200998
0.073,0.056798787881809885,0.05737840035169843,2.52584152908062,0.06954280855375526,1.1892960815934486
0.074,0.05876662245154393,0.057382629572949505,2.441123344304176,0.07049687942622737,1.1692001850882243
0.075,0.06077872631993815,0.0573870852028386,2.3607843521276135,0.07145055818310214,1.149781909738639
0.076,0.06282801823247595,0.05739173153172184,2.283683822373691,0.0724046407199622,1.1308682242106134
0.077,0.06492384906432294,0.05739662371924979,2.2104114288479804,0.07335907925922604,1.1125619724692124
0.078,0.06705619277839303,0.05740171682633551,2.140060240820577,0.07431335270943329,1.0947299826256347
0.079,0.06923428042208916,0.057407068706634944,2.0731590548970895,0.07526733816630303,1.0774677747455497
0.08,0.07145112780523702,0.05741263908913525,2.0088080080986206,0.07622191966660308,1.060628344206974
0.081,0.07371510168169067,0.057418487167875586,1.947517724272566,0.07717652320123053,1.0443088914033634
0.082,0.07601776105169747,0.0574245663489492,1.8885246537942768,0.0781314420572382,1.02838407519992
0.083,0.07836729156096338,0.057430938536720634,1.8322936300998443,0.07908600786508695,1.0129454818756376
0.084,0.08075676130604209,0.057437558338409356,1.778103697123871,0.08004117646814514,0.9978667598378891
0.085,0.0831944262636622,0.05744449137939561,1.7263788283785186,0.0809962622217817,0.9832339008730142
0.08600000000000001,0.08567115900144237,0.05745168322886806,1.6765176256078433,0.08195138481884598,0.9689426558576065
0.08700000000000001,0.08819836408126569,0.05745921216792085,1.6288430126907836,0.08290704376111525,0.95505556800495
0.088,0.0907651627179188,0.05746701557323334,1.5828489106506125,0.08386272791233187,0.9414857354014148
0.089,0.09338195649970406,0.057475172581024005,1.538847525320124,0.08481850715717752,0.9282972201348392
0.09,0.09603904491054012,0.05748362070515109,1.4963606926406026,0.08577437381217515,0.915402637028503
0.091,0.09874739370660908,0.05749244490251413,1.4556661797499144,0.08673054592854666,0.9028598791150866
0.092,0.10149709987332493,0.05750157873859412,1.41633551131904,0.08768698250914686,0.8905885056178652
0.093,0.10429766997404308,0.05751110644189166,1.3786442657992901,0.08864334354296548,0.8786496969526353
0.094,0.10714059017932553,0.05752096270814121,1.3421841948944386,0.0896001152817088,0.8669620228942474
0.095,0.11003601326894984,0.05753123821724177,1.3072015579398062,0.0905571288230882,0.8555809605257435
0.096,0.1129736243058717,0.05754185786164088,1.273347168757031,0.09151430333094365,0.8444373360433189
0.097,0.11596460774155877,0.05755292028260821,1.2408355778341618,0.09247176849670656,0.8335796844623854
0.098,0.11899846272369564,0.0575643459102998,1.2093506208554843,0.09342942916287579,0.8229437086940219
0.099,0.12208593349899995,0.057576236211896045,1.1790947296330427,0.09438722989054374,0.8125769781723292
0.1,0.1252172656790959,0.05758851056919119,1.1497717638392175,0.09534535290372757,0.8024164677709211
0.101,0.12840353884816386,0.057601276435098575,1.1215663775577729,0.09630379637868514,0.7925064501174033
0.10200000000000001,0.13163395043986573,0.05761444511578447,1.0942170489311658,0.09726246182037994,0.7827908707959316
0.10300000000000001,0.13492020140620614,0.05762813130768783,1.0678894338593214,0.09822148915060813,0.7733099585677013
0.10400000000000001,0.1382508152108997,0.057642239323018395,1.0423489951051277,0.09918062810530172,0.7640127206132574
0.105,0.14163850238590725,0.057656893068033205,1.017741759846174,0.10014026182773379,0.754934701087841
0.106,0.1450714953863068,0.05767199129587866,0.993854635990095,0.10110010113690143,0.7460285491550931
0.107,0.1485623011525366,0.05768766226671687,0.970825126553087,0.10206041585731443,0.7373288408057601
0.108,0.15209899985145964,0.05770379949709543,0.9484579049410113,0.1030209242558522,0.7287910720960885
0.109,0.1556941300588328,0.057720536641479345,0.9268807651019687,0.10398185573066518,0.7204482181464489
0.11,0.15933610688861086,0.05773776410989362,0.9059114917100539,0.10494306563582219,0.7122572817161157
0.111,0.16303730500150532,0.057755620210358835,0.8856703745683386,0.10590468941047347,0.7042502493841233
0.112,0.16678629157378508,0.057773991404207956,0.8659883084373449,0.10686666380842592,0.6963859940614207
0.113,0.1705954881508521,0.05779302174310037,0.8469775031959357,0.10782908835324423,0.6886951031716232
0.114,0.17445329657821887,0.057812592103853096,0.8284823680292556,0.10879189740502408,0.6811388449474768
0.115,0.17837201485327647,0.05783285149192012,0.8106084092424928,0.10975511474957947,0.6737467938190245
0.116,0.18234019531812412,0.057853676630509596,0.793210686891799,0.11071875262957552,0.6664817961950703
0.117,0.18637038956838006,0.05787522356742073,0.7763869571182486,0.11168285168025152,0.6593718024760509
0.11800000000000001,0.1904508676616654,0.057897362556143854,0.7600039221007661,0.11264739352357603,0.6523819405658229
0.11900000000000001,0.19459475867553935,0.05792025866596194,0.7441510493328827,0.1136125091288633,0.6455381252055871
0.12,0.19878931723164758,0.05794377141409631,0.7287083156809543,0.11457798187333296,0.6388087795117834
0.121,0.20304807376456746,0.05796807405797995,0.7137581222412837,0.11554399174376623,0.6322181593898457
0.122,0.20735897782064117,0.05799302471651294,0.6991863256419388,0.11651052165781109,0.6257350416585966
0.123,0.2117351463374528,0.058018800545169606,0.6850719915696948,0.11747760811324684,0.6193834881125201
0.124,0.21616411279490874,0.05804525180298238,0.6713099951291905,0.11844518126038886,0.6131342408252426
0.125,0.22065967039227125,0.05807256591281894,0.6579726735310175,0.11941338081010698,0.607009551456115
0.126,0.22520899133153643,0.05810058542439999,0.644962986167685,0.12038209761460625,0.6009819234002829
0.127,0.22982630967330284,0.05812950697327959,0.6323479555635668,0.1213515164401167,0.595072294828217
0.128,0.23449804657452145,0.05815916269126873,0.6200388824218442,0.1223214112085598,0.5892552707920674
0.129,0.23923902232225192,0.058189759531935,0.6080974935652647,0.12329204030800567,0.5835503714611318
0.13,0.2440354714495833,0.05822112248510034,0.5964411868002619,0.12426318293306292,0.5779334430608308
0.131,0.2489026995923542,0.058253468572681016,0.5851272499640063,0.1252351428768682,0.5724228659716023
0.132,0.2538268788485681,0.058286616400888835,0.5740784493085774,0.12620772799624827,0.5669955305051384
0.133,0.2588225119204258,0.05832078457550303,0.5633508427341555,0.12718103144326914,0.5616701595768181
0.134,0.2638760042930672,0.05835578700852507,0.5528712923789928,0.12815495276118047,0.556424230001027
0.135,0.26900267687568047,0.058391854962084856,0.5426912654622066,0.12912969357827023,0.5512750726891092
0.136,0.274188681215691,0.05842879444147613,0.5327425824291507,0.13010514430417164,0.5462012872195784
0.137,0.2794491775415709,0.05846684280726001,0.5230744539590864,0.1310814237413463,0.5412198971679653
0.138,0.28477004939522327,0.05850579774753413,0.5136231660578868,0.13205841528959625,0.536310519188666
0.139,0.29016714837937224,0.058545908949194696,0.5044342648433879,0.13303631404458782,0.5314890801852005
0.14,0.2956262276565525,0.058586966746390155,0.4954479784389625,0.13401502030646897,0.526736051477226
0.14100000000000001,0.3011625552874186,0.05862922388295603,0.4867086078941879,0.13499457207162724,0.5220674594286916
0.14200000000000002,0.3067619865841041,0.0586724647667616,0.4781595123641204,0.13597493294213664,0.5174643243006297
0.14300000000000002,0.3124412159006304,0.05871696071352925,0.46984077564985544,0.13695633777819305,0.5129411202045259
0.14400000000000002,0.31818471855967323,0.05876247881376993,0.4617009820566656,0.13793855081230935,0.5084806288854401
0.145,0.3240093902472981,0.05880929966284145,0.45377805136245064,0.13892178768974256,0.5040968190820921
0.146,0.32989998411567484,0.05885718560641368,0.4460229496841704,0.1399059063528585,0.49977280020338777
0.147,0.3358736193001658,0.05890642697435035,0.43847163054205457,0.14089110307324318,0.4955220812365404
0.148,0.3419143857718428,0.058956773640857524,0.43107848115082675,0.14187717200619746,0.4913287590244061
0.149,0.3480408215073445,0.05900853583462082,0.42387619087061307,0.14286448286286196,0.48720509332208295
0.15,0.3542357704239824,0.05906144579730896,0.416822994235017,0.14385267496593884,0.48313649910931944
0.151,0.36051797597180235,0.0591158237848949,0.4099499723438851,0.1448420902605408,0.4791348752594293
0.152,0.36687069026211844,0.059171398055966266,0.4032169891637435,0.14583248434392312,0.4751857678126485
0.153,0.3733126969297057,0.05922849770403775,0.3966538549283465,0.14682414219653195,0.47130086314411296
0.154,0.37982702901625964,0.05928684159478525,0.3902226346841111,0.14781683526262035,0.4674662291792875
0.155,0.38643291246434996,0.05934677129127109,0.3839515365365778,0.148810853265691,0.4636931085410274
0.156,0.39311302808500104,0.059407994941210136,0.3778047959298657,0.149805964384249,0.45996813554932775
0.157,0.39988715522475815,0.059470867838238274,0.37180904936384906,0.15080247634944233,0.45630208541137796
0.158,0.4067372148371604,0.059535083400849044,0.36593088380592537,0.15180009694235905,0.452682333354548
0.159,0.4136835275716117,0.059601010702545185,0.3601954755601725,0.15279914802163774,0.4491192193906303
0.16,0.4207079879970818,0.059668335068926506,0.35457096591508264,0.15379938683624986,0.44560042741501743
0.161,0.4278315258604918,0.05973744036836876,0.34908116687831164,0.15480115364509472,0.4421358798472428
0.162,0.43503506915612233,0.059807994682925504,0.3436963989991692,0.15580412284798092,0.4387140109906848
0.163,0.4423404721417974,0.05988039993414412,0.33843896128434675,0.15680869460832558,0.4353441995816043
0.164,0.4497281679338574,0.05995431124386951,0.3332808322820417,0.1578145307909596,0.432015353984026
0.165,0.45722031125104073,0.06003014271912974,0.3282433663721403,0.15882200086704656,0.4287366384200381
0.166,0.46479755811335394,0.06010754356169848,0.3232995877048023,0.15983085371353975,0.4254970847311286
0.167,0.47248200399626056,0.06018693658923375,0.31847022416648757,0.160841377084105,0.4223058221151405
0.168,0.48025378119077217,0.06026795735293442,0.3137297389075323,0.16185330882887064,0.41915230380879215
0.169,0.4881361901132749,0.06035105048725413,0.3090974848375235,0.162867020135757,0.4160451074174598
0.17,0.4961083227186418,0.060435832338617684,0.30454957904875096,0.16388217296730673,0.4129742900802669
0.171,0.5041946388279785,0.060522769341438604,0.3001041512499554,0.1648992090239108,0.40994794641255056
0.17200000000000001,0.5123735005631839,0.06061146157058837,0.29573866283075867,0.16591775921254412,0.40695657162063964
0.17300000000000001,0.5206695732736448,0.06070238729677914,0.2914706316134656,0.16693821092878297,0.4040081668680672
0.17400000000000002,0.5290610903343306,0.06079513655126908,0.2872784337289419,0.16796024316241215,0.40109340918071373
0.17500000000000002,0.5375738185098067,0.06089020944859699,0.28317857779957123,0.16898429559565256,0.3982199096943961
0.176,0.546184857913047,0.06098717482263476,0.27915079454813435,0.17000997418872202,0.3953788625444653
0.177,0.5549207693258313,0.06108655146902167,0.2752108050115609,0.17103772906439513,0.39257762116523154
0.178,0.5637585281123076,0.06118789807583012,0.27133912404266436,0.1720672179916939,0.3898075287419318
0.179,0.5727249686162982,0.061291746433215506,0.2675509846425058,0.17309883570979812,0.38707587297894575
0.18,0.5817964915888625,0.06139763981474722,0.2638278191016277,0.17413224173050493,0.3843742690359378
0.181,0.59100114152807,0.06150613393504861,0.26018401718182715,0.17516788027780122,0.3817096663150701
0.182,0.6003142818045191,0.0616167511096064,0.2566020540290541,0.1762053627985039,0.3790740696173642
0.183,0.6097651706957301,0.061730071377197146,0.2530955495514402,0.17724517686206476,0.37647412233127986
0.184,0.6193280825781953,0.06184559511942869,0.2496479525923168,0.17828688591452682,0.3739021977091033
0.185,0.6290337159374986,0.06196392979002341,0.24627210245559356,0.17933103879212955,0.3713646046385698
0.186,0.6388550535095753,0.06208455105187221,0.24295241428712316,0.18037713450568166,0.3688541066611417
0.187,0.6488239901402099,0.062208091115693115,0.2397010947562157,0.1814257504241491,0.3663767710305111
0.188,0.6589130973939604,0.06233401146572863,0.23650315842962935,0.18247641996029587,0.3639254988601271
0.189,0.6691546098259255,0.06246295869514408,0.23337051180037316,0.18352965300704938,0.36150635282112814
0.19,0.679520990991163,0.06259438386330123,0.2302886323349622,0.18458505131037437,0.3591122862108435
0.191,0.690045334983344,0.06272895450949562,0.2272689954124987,0.18564310719079077,0.35674924442645006
0.192,0.700698633862815,0.06286609390418635,0.22429790378503325,0.1867033550686769,0.35441053330794015
0.193,0.7115161232608896,0.06300650706301777,0.22138607352578793,0.1877663932631432,0.35210171105999744
0.194,0.7224673587969221,0.06314958964977066,0.21852056318132343,0.18883169801758234,0.34981640239065565
0.195,0.7335888336807831,0.06329607314261784,0.2157116362395527,0.18989987732808059,0.3475600039137649
0.196,0.7448493220352866,0.06344533383902122,0.21294687382428593,0.19097041944933185,0.34532629402001824
0.197,0.7562863391085988,0.06359812673804033,0.21023618677447017,0.19204391308731453,0.3431205755949235
0.198,0.7678677360728954,0.06375380676036799,0.20756767007305185,0.19311984969982998,0.3409367906825384
0.199,0.7796327161833713,0.06391316146448353,0.20495076229692824,0.19419885466426381,0.3387800394733439
0.2,0.7915475416546759,0.06407551531746311,0.20237418457366962,0.1952803655856862,0.33664453561769714
0.201,0.8036533925031204,0.06424169258015207,0.19984688398980924,0.19636506293850298,0.33453514835404613
0.202,0.8159147939280821,0.06441098492250717,0.19735818434058394,0.1974523245249245,0.3324463614340319
0.203,0.82837489089291,0.06458425341039795,0.19491659095233432,0.19854287591618935,0.33038284214820474
0.20400000000000001,0.840997055028627,0.0647607647467853,0.19251186540891307,0.1996360935312011,0.32833922188643755
0.20500000000000002,0.8538258882106692,0.06494140998364731,0.19015221623873688,0.20073269430476695,0.3263200766680748
0.20600000000000002,0.8668236256414646,0.06512543100278893,0.18782780336252083,0.20183206029831266,0.3243201657051433
0.20700000000000002,0.8800363119912371,0.06531374862392086,0.18554656823309879,0.20293489183134536,0.32234399078663295
0.20800000000000002,0.8934248407429539,0.06550557689850105,0.1832990698020775,0.2040405653132519,0.320386452724149
0.209,0.9070377790033614,0.06570188189002227,0.1810928310997854,0.20514984588933438,0.31845183850548453
0.21,0.9208336574307123,0.06590183509316495,0.17891894633022717,0.20626202644353528,0.3165353217966791
0.211,0.9348636081590482,0.06610644861421758,0.1767845550387401,0.2073779298963368,0.3146409950689655
0.212,0.9490846231206157,0.06631486309003903,0.17468111239647421,0.20849684075223063,0.3127641650541595
0.213,0.9635495091223638,0.06652812381887448,0.1726155494168892,0.2096195581972317,0.3109088752694942
0.214,0.9782137569619526,0.06674534104149818,0.1705796421448565,0.2107453687241109,0.3090705414644359
0.215,0.9931327546761337,0.06696760651617725,0.16858001037328338,0.21187510939116713,0.30725305874767345
0.216,1.0082600011535954,0.06719399288280425,0.16660879338148052,0.21300803713706495,0.30545199998302364
0.217,1.0236530578328564,0.06742563225449477,0.16467238675593446,0.21414498552702757,0.3036711829691059
0.218,1.0392638254832074,0.06766156549060422,0.1627632075501735,0.21528521988635924,0.30190627060082265
0.219,1.0551524828525243,0.06790297163282188,0.1608874010678403,0.2164295925442123,0.3001609720739195
0.22,1.0712686471851265,0.06814884949770783,0.15903772054931384,0.21757733419789763,0.29843110345206264
0.221,1.0876755007925551,0.06840043077769051,0.15722004496746061,0.21872933263735497,0.2967202433511888
0.222,1.1043203053454158,0.0686566711335392,0.1554274398496738,0.21988478800339614,0.2950243486829813
0.223,1.121269260864288,0.06891885499939059,0.1536655491580899,0.22104461195699246,0.29334688951892757
0.224,1.1384672248326717,0.06918589415834833,0.1519277249472796,0.22220798025711372,0.2916839487707141
0.225,1.1559837464610472,0.06945913070510355,0.15021937277493957,0.22337583827217913,0.2900388778263271
0.226,1.1737608858215651,0.06973742653355502,0.14853414220891942,0.22454732038464084,0.28840790494886726
0.227,1.1918717617479933,0.07002218455533812,0.14687720910610916,0.2257234070296883,0.28679426465891034
0.228,1.210255897654148,0.07031222098271106,0.1452424671488856,0.2269032186048536,0.28519428746623926
0.229,1.2289897341190177,0.07060899531477242,0.14363491607287637,0.22808774023864584,0.28361113669399673
0.23,1.2480102951767864,0.07091127891618108,0.1420486657646846,0.2292760903804088,0.2820412254054775
0.231,1.267397393315624,0.07122058812423358,0.14048855977251173,0.23046924896848398,0.28048766020014115
0.232,1.287085162444669,0.07153564353220565,0.13894893208995585,0.231666318419563,0.2789469518929634
0.233,1.3071579949342955,0.07185803701721567,0.13743439982216302,0.23286833319648206,0.2774220749310757
0.234,1.32754613756992,0.07218642278349814,0.13593957441591406,0.2340743300221677,0.2759096984031403
0.23500000000000001,1.3483387360118984,0.07252247045396125,0.13446886441492711,0.23528539151806677,0.27441267659770796
0.23600000000000002,1.3694627494460352,0.07286477780878582,0.1330170861497703,0.2365005371167961,0.2729277711114634
0.23700000000000002,1.3910113514977211,0.07321507977164746,0.1315885200714534,0.2377208383673999,0.2714577924322636
0.23800000000000002,1.4129083204822004,0.07357191989807313,0.13017815599133206,0.2389453156665697,0.26999956917585244
0.23900000000000002,1.4352517614947746,0.07393711214318167,0.12879011002752222,0.24017506477399833,0.26855582632363995
0.24,1.4579614933505292,0.07430913377383881,0.12741957540159313,0.24140907491470823,0.2671234962052049
0.241,1.4811408642146366,0.07468988184320302,0.12607051107665837,0.24264846541733698,0.2657052209748576
0.242,1.5047056449418974,0.07507776650152921,0.12473829475204147,0.24389220315139795,0.2642980231881109
0.243,1.5287647228484103,0.0754747715946742,0.12342673766637718,0.24514142810415512,0.26290446741263795
0.244,1.5532296753233683,0.07587923851964751,0.12213138810886123,0.24639509061957965,0.26152165749888145
0.245,1.5782148418560484,0.07629323511067596,0.12085593904423006,0.2476543279835901,0.26015210751494977
0.246,1.6036277722117942,0.07671503762983359,0.11959607921360833,0.2489180964492359,0.25879297586994254
0.247,1.6295892119812665,0.07714681217692602,0.11835536023999893,0.25018755846545954,0.25744669714005697
0.248,1.656001101513362,0.07758674463623415,0.11712966942674484,0.2514616117747296,0.256110552064879
0.249,1.6829913873725648,0.07803711085056735,0.11592240380529646,0.25274146206585074,0.25478687741085265
0.25,1.7104568594281013,0.07849601503479348,0.11472960367594273,0.2540259875726386,0.2534730322115706
0.251,1.7385324654800238,0.07896583755243221,0.11355454893164717,0.25531640415416607,0.25217129198586685
0.252,1.7671096865321811,0.07944459956681395,0.1123934187168624,0.25661157927731293,0.25087908338768083
0.253,1.7963305691792995,0.07993478537663758,0.11124939506083749,0.25791272133132664,0.24959863857619816
0.254,1.8260813527424262,0.08043433566272506,0.11011877365420773,0.2592187062996311,0.248327431522086
0.255,1.856512355967945,0.08094585588290544,0.10900461738722934,0.26053076346515613,0.2470676236411364
0.256,1.8875028085419452,0.08146717817103505,0.1079033866894835,0.2618477164832487,0.2458167946787012
0.257,1.9192122807839116,0.08200104285880089,0.10681801399546312,0.2631708328274951,0.24457701907263388
0.258,1.9515132196350289,0.08254517910695668,0.10574509344394072,0.26449891332751224,0.24334595194620925
0.259,1.9845745424903503,0.08310246070203933,0.10468745142624539,0.2658332397429589,0.2421256047503763
0.26,2.0182615490343645,0.08367050968502128,0.1036418071347757,0.26717259463351944,0.2409137023821484
0.261,2.052753147915771,0.08425234074798772,0.10261088530985751,0.26851827247823873,0.23971219507693337
0.262,2.0879069553265728,0.08484546199852822,0.10159152660284307,0.2698690364353886,0.23851887744493538
0.263,2.123912816527521,0.08545304119399282,0.10058635120410203,0.27122620154138505,0.23733563187632675
0.264,2.1606201182797617,0.08607246577791085,0.09959231732790662,0.2725885113904561,0.23616032203490003
0.265,2.19823007363855,0.0867070596424636,0.0986119541512499,0.27395728733642233,0.2349947752174756
0.266,2.2365834737430554,0.08735408614018875,0.09764232719872122,0.27533126191925156,0.23383691588644395
0.267,2.2758938341264616,0.08801703640280654,0.09668587516486114,0.27671176546247095,0.2326885139184101
0.268,2.315992615901552,0.08869304035416122,0.0957397702233557,0.27809751560797874,0.23154755737230134
0.269,2.3571065757048406,0.08938576702645368,0.09480636288679606,0.27948985170099744,0.2304157585684751
0.27,2.3990574299670473,0.09009220929678036,0.09388292269645443,0.28088748550380227,0.22929116143020967
0.271,2.4420856355587657,0.09081621611913639,0.09297172650627199,0.28229174676192315,0.22817543556568043
0.272,2.4860022508745225,0.09155463168224062,0.09207014157975286,0.28370133589588686,0.22706668466479535
0.273,2.5310635474874053,0.09231151412891961,0.09118035111402335,0.28511760657244756,0.22596650850134067
0.274,2.5770688533456845,0.09308354503771829,0.09029982349605485,0.28653923858462954,0.22487307788570582
0.275,2.6242908834726464,0.09387499528996243,0.08943066268091684,0.28796759056442955,0.2237879376868966
0.276,2.672516873685744,0.09468238233803862,0.08857042519572522,0.2894013378006364,0.22270931302845445
0.277,2.7220365747279445,0.0955101920330801,0.08772115005873148,0.29084182291649774,0.2216387092282744
0.278,2.7726246750840544,0.09635477507965287,0.08688047100779321,0.2922877308935575,0.22057439507876744
0.279,2.82459007136492,0.09722085907955498,0.08605035142956297,0.2937404089683656,0.21951782041342796
0.28,2.8776925198352044,0.09810459365951497,0.08522852335969265,0.2951985120905725,0.2184673272629751
0.281,2.9322627516099744,0.0990109835596883,0.08441685844786746,0.2966634235168058,0.21742428690140486
0.28200000000000003,2.988044186250876,0.09993596008870109,0.08361318797471633,0.2981337614123369,0.21638711899242322
0.28300000000000003,3.0453896501782505,0.10088479903221778,0.08281931585373457,0.29961090553879155,0.21535714442735931
0.28400000000000003,3.1040271055190987,0.10185323472313813,0.08203313893589924,0.30109349380308065,0.2143328201748476
0.28500000000000003,3.1643328713376935,0.10284682565047593,0.08125640153256296,0.30258289049304177,0.21331542481743046
0.28600000000000003,3.2260169841442394,0.10386107568502238,0.0804870806597547,0.30407772288844,0.21230347422843232
0.28700000000000003,3.2894818968548885,0.1049018570324402,0.07972685289725868,0.305579356911871,0.21129819195227337
0.28800000000000003,3.354418978736079,0.10596443894646387,0.0789737653660594,0.3070864254223048,0.21029814218150683
0.289,3.4212585712688752,0.10705502219323411,0.07822943403162515,0.3086002849500151,0.2093045004599724
0.29,3.4896716332033844,0.1081686216887216,0.07749197708139877,0.3101195688832578,0.2083158831332438
0.291,3.5601185592016695,0.10931178681934699,0.07676295322594816,0.31164561962410925,0.20733342009393638
0.292,3.6322481816124053,0.11047925997689469,0.07604055013102892,0.31317707077277807,0.20635578032460392
0.293,3.7065536495757883,0.11167796623788775,0.07532626883366927,0.3147152532903923,0.2053840454625982
0.294,3.782660698006081,0.11290237034128088,0.0746183568624025,0.3162588186189579,0.2044169265079225
0.295,3.8610979026808447,0.11415979754049072,0.07391826094919089,0.3178090816951863,0.2034554592373654
0.296,3.9414647531561333,0.11544439592234385,0.07322429804167449,0.3193646881029825,0.20249841210078093
0.297,4.024329063010581,0.116763931585423,0.07253785534733284,0.3209269503175146,0.20154676583422393
0.298,4.109262335895319,0.11811222102797818,0.07185731365715066,0.32249451718358213,0.2005993410956386
0.299,4.196875067868772,0.11949750328535641,0.07118400280127665,0.3240686969732436,0.19965706433742675
0.3,4.286707866876319,0.1209132312015397,0.07051636999563489,0.32564813259478553,0.19871881440255104
0.301,4.3794164798660695,0.12236813249361796,0.06985569790606552,0.32723410629510835,0.19778547579648198
0.302,4.4745101090828,0.12385530387276503,0.06920048276422004,0.328825292850295,0.19685596345542394
0.303,4.5726945533546655,0.12538400948850656,0.0685519570900777,0.33042295826934165,0.19593111368079974
0.304,4.673442915037564,0.12694693322436137,0.06790867864026379,0.3320257768680223,0.1950098972835679
0.305,4.777515675367635,0.12855391742036765,0.06727183045623975,0.33363499883999015,0.1940931014186535
0.306,4.884347492357603,0.13019721553158523,0.06664002496510592,0.3352493117175687,0.19317974526450565
0.307,4.994758465265423,0.13188729064112387,0.06601439803563461,0.33686994664406134,0.19227056817445898
0.308,5.108141355734418,0.1336159331170689,0.06539361570675369,0.3384956042754844,0.19136463831069223
0.309,5.225381480189528,0.1353942753166727,0.0647787680486951,0.3401274956145373,0.19046264730325846
0.31,5.345826061697023,0.13721361146992017,0.06416857277356026,0.34176433666751826,0.18956371159373764
0.311,5.470431807257371,0.139085795696883,0.06356407572888498,0.3434073166490988,0.18866847549676002
0.312,5.598496305734226,0.14100158892650846,0.06296404481953863,0.3450551680510688,0.18777610364192143
0.313,5.7310558333324,0.14297364412522245,0.06236947736180949,0.3467090730036519,0.1868871846699008
0.314,5.867351357315186,0.14499211175096394,0.061779201091389145,0.3483677507869843,0.18600094787709529
0.315,3.480394460973587,0.07318476837255544,0.030694245900525687,0.17473835176536834,0.09270592673689462
0.316,1.0,0.0,0.0,0.0,0.0
0.317,1.0,0.0,0.0,0.0,0.0
0.318,1.0,0.0,0.0,0.0,0.0
0.319,1.0,0.0,0.0,0.0,0.0
0.32,1.0,0.0,0.0,0.0,0.0
0.321,1.0,0.0,0.0,0.0,0.0
0.322,1.0,0.0,0.0,0.0,0.0
0.323,1.0,0.0,0.0,0.0,0.0
0.324,1.0,0.0,0.0,0.0,0.0
0.325,1.0,0.0,0.0,0.0,0.0
0.326,1.0,0.0,0.0,0.0,0.0
0.327,1.0,0.0,0.0,0.0,0.0
0.328,1.0,0.0,0.0,0.0,0.0
0.329,1.0,0.0,0.0,0.0,0.0
0.33,1.0,0.0,0.0,0.0,0.0
0.331,1.0,0.0,0.0,0.0,0.0
0.332,1.0,0.0,0.0,0.0,0.0
0.333,1.0,0.0,0.0,0.0,0.0
0.334,1.0,0.0,0.0,0.0,0.0
0.335,1.0,0.0,0.0,0.0,0.0
0.336,1.0,0.0,0.0,0.0,0.0
0.337,1.0,0.0,0.0,0.0,0.0
0.338,1.0,0.0,0.0,0.0,0.0
0.339,1.0,0.0,0.0,0.0,0.0
0.34,1.0,0.0,0.0,0.0,0.0
0.341,1.0,0.0,0.0,0.0,0.0
0.342,1.0,0.0,0.0,0.0,0.0
0.343,1.0,0.0,0.0,0.0,0.0
0.34400000000000003,1.0,0.0,0.0,0.0,0.0
0.34500000000000003,1.0,0.0,0.0,0.0,0.0
0.34600000000000003,1.0,0.0,0.0,0.0,0.0
0.34700000000000003,1.0,0.0,0.0,0.0,0.0
0.34800000000000003,1.0,0.0,0.0,0.0,0.0
0.34900000000000003,1.0,0.0,0.0,0.0,0.0
0.35000000000000003,1.0,0.0,0.0,0.0,0.0
0.35100000000000003,1.0,0.0,0.0,0.0,0.0
0.352,1.0,0.0,0.0,0.0,0.0
0.353,1.0,0.0,0.0,0.0,0.0
0.354,1.0,0.0,0.0,0.0,0.0
0.355,1.0,0.0,0.0,0.0,0.0
0.356,1.0,0.0,0.0,0.0,0.0
0.357,1.0,0.0,0.0,0.0,0.0
0.358,1.0,0.0,0.0,0.0,0.0
0.359,1.0,0.0,0.0,0.0,0.0
0.36,1.0,0.0,0.0,0.0,0.0
0.361,1.0,0.0,0.0,0.0,0.0
0.362,1.0,0.0,0.0,0.0,0.0
0.363,1.0,0.0,0.0,0.0,0.0
0.364,1.0,0.0,0.0,0.0,0.0
0.365,1.0,0.0,0.0,0.0,0.0
0.366,1.0,0.0,0.0,0.0,0.0
0.367,1.0,0.0,0.0,0.0,0.0
0.368,1.0,0.0,0.0,0.0,0.0
0.369,1.0,0.0,0.0,0.0,0.0
0.37,1.0,0.0,0.0,0.0,0.0
0.371,1.0,0.0,0.0,0.0,0.0
0.372,1.0,0.0,0.0,0.0,0.0
0.373,1.0,0.0,0.0,0.0,0.0
0.374,1.0,0.0,0.0,0.0,0.0
0.375,1.0,0.0,0.0,0.0,0.0
0.376,1.0,0.0,0.0,0.0,0.0
0.377,1.0,0.0,0.0,0.0,0.0
0.378,1.0,0.0,0.0,0.0,0.0
0.379,1.0,0.0,0.0,0.0,0.0
0.38,1.0,0.0,0.0,0.0,0.0
0.381,1.0,0.0,0.0,0.0,0.0
0.382,1.0,0.0,0.0,0.0,0.0
0.383,1.0,0.0,0.0,0.0,0.0
0.384,1.0,0.0,0.0,0.0,0.0
0.385,1.0,0.0,0.0,0.0,0.0
0.386,1.0,0.0,0.0,0.0,0.0
0.387,1.0,0.0,0.0,0.0,0.0
0.388,1.0,0.0,0.0,0.0,0.0
0.389,1.0,0.0,0.0,0.0,0.0
0.39,1.0,0.0,0.0,0.0,0.0
0.391,1.0,0.0,0.0,0.0,0.0
0.392,1.0,0.0,0.0,0.0,0.0
0.393,1.0,0.0,0.0,0.0,0.0
0.394,1.0,0.0,0.0,0.0,0.0
0.395,1.0,0.0,0.0,0.0,0.0
0.396,1.0,0.0,0.0,0.0,0.0
0.397,1.0,0.0,0.0,0.0,0.0
0.398,1.0,0.0,0.0,0.0,0.0
0.399,1.0,0.0,0.0,0.0,0.0
0.4,1.0,0.0,0.0,0.0,0.0
0.401,1.0,0.0,0.0,0.0,0.0
0.402,1.0,0.0,0.0,0.0,0.0
0.403,1.0,0.0,0.0,0.0,0.0
0.404,1.0,0.0,0.0,0.0,0.0
0.405,1.0,0.0,0.0,0.0,0.0
0.406,1.0,0.0,0.0,0.0,0.0
0.40700000000000003,1.0,0.0,0.0,0.0,0.0
0.40800000000000003,1.0,0.0,0.0,0.0,0.0
0.40900000000000003,1.0,0.0,0.0,0.0,0.0
0.41000000000000003,1.0,0.0,0.0,0.0,0.0
0.41100000000000003,1.0,0.0,0.0,0.0,0.0
0.41200000000000003,1.0,0.0,0.0,0.0,0.0
0.41300000000000003,1.0,0.0,0.0,0.0,0.0
0.41400000000000003,1.0,0.0,0.0,0.0,0.0
0.41500000000000004,1.0,0.0,0.0,0.0,0.0
0.41600000000000004,1.0,0.0,0.0,0.0,0.0
0.417,1.0,0.0,0.0,0.0,0.0
0.418,1.0,0.0,0.0,0.0,0.0
0.419,1.0,0.0,0.0,0.0,0.0
0.42,1.0,0.0,0.0,0.0,0.0
0.421,1.0,0.0,0.0,0.0,0.0
0.422,1.0,0.0,0.0,0.0,0.0
0.423,1.0,0.0,0.0,0.0,0.0
0.424,1.0,0.0,0.0,0.0,0.0
0.425,1.0,0.0,0.0,0.0,0.0
0.426,1.0,0.0,0.0,0.0,0.0
0.427,1.0,0.0,0.0,0.0,0.0
0.428,1.0,0.0,0.0,0.0,0.0
0.429,1.0,0.0,0.0,0.0,0.0
0.43,1.0,0.0,0.0,0.0,0.0
0.431,1.0,0.0,0.0,0.0,0.0
0.432,1.0,0.0,0.0,0.0,0.0
0.433,1.0,0.0,0.0,0.0,0.0
0.434,1.0,0.0,0.0,0.0,0.0
0.435,1.0,0.0,0.0,0.0,0.0
0.436,1.0,0.0,0.0,0.0,0.0
0.437,1.0,0.0,0.0,0.0,0.0
0.438,1.0,0.0,0.0,0.0,0.0
0.439,1.0,0.0,0.0,0.0,0.0
0.44,1.0,0.0,0.0,0.0,0.0
0.441,1.0,0.0,0.0,0.0,0.0
0.442,1.0,0.0,0.0,0.0,0.0
0.443,1.0,0.0,0.0,0.0,0.0
0.444,1.0,0.0,0.0,0.0,0.0
0.445,1.0,0.0,0.0,0.0,0.0
0.446,1.0,0.0,0.0,0.0,0.0
0.447,1.0,0.0,0.0,0.0,0.0
0.448,1.0,0.0,0.0,0.0,0.0
0.449,1.0,0.0,0.0,0.0,0.0
0.45,1.0,0.0,0.0,0.0,0.0
0.451,1.0,0.0,0.0,0.0,0.0
0.452,1.0,0.0,0.0,0.0,0.0
0.453,1.0,0.0,0.0,0.0,0.0
0.454,1.0,0.0,0.0,0.0,0.0
0.455,1.0,0.0,0.0,0.0,0.0
0.456,1.0,0.0,0.0,0.0,0.0
0.457,1.0,0.0,0.0,0.0,0.0
0.458,1.0,0.0,0.0,0.0,0.0
0.459,1.0,0.0,0.0,0.0,0.0
0.46,1.0,0.0,0.0,0.0,0.0
0.461,1.0,0.0,0.0,0.0,0.0
0.462,1.0,0.0,0.0,0.0,0.0
0.463,1.0,0.0,0.0,0.0,0.0
0.464,1.0,0.0,0.0,0.0,0.0
0.465,1.0,0.0,0.0,0.0,0.0
0.466,1.0,0.0,0.0,0.0,0.0
0.467,1.0,0.0,0.0,0.0,0.0
0.468,1.0,0.0,0.0,0.0,0.0
0.46900000000000003,1.0,0.0,0.0,0.0,0.0
0.47000000000000003,1.0,0.0,0.0,0.0,0.0
0.47100000000000003,1.0,0.0,0.0,0.0,0.0
0.47200000000000003,1.0,0.0,0.0,0.0,0.0
0.47300000000000003,1.0,0.0,0.0,0.0,0.0
0.47400000000000003,1.0,0.0,0.0,0.0,0.0
0.47500000000000003,1.0,0.0,0.0,0.0,0.0
0.47600000000000003,1.0,0.0,0.0,0.0,0.0
0.47700000000000004,1.0,0.0,0.0,0.0,0.0
0.47800000000000004,1.0,0.0,0.0,0.0,0.0
0.47900000000000004,1.0,0.0,0.0,0.0,0.0
0.48,1.0,0.0,0.0,0.0,0.0
0.481,1.0,0.0,0.0,0.0,0.0
0.482,1.0,0.0,0.0,0.0,0.0
0.483,1.0,0.0,0.0,0.0,0.0
0.484,1.0,0.0,0.0,0.0,0.0
0.485,1.0,0.0,0.0,0.0,0.0
0.486,1.0,0.0,0.0,0.0,0.0
0.487,1.0,0.0,0.0,0.0,0.0
0.488,1.0,0.0,0.0,0.0,0.0
0.489,1.0,0.0,0.0,0.0,0.0
0.49,1.0,0.0,0.0,0.0,0.0
0.491,1.0,0.0,0.0,0.0,0.0
0.492,1.0,0.0,0.0,0.0,0.0
0.493,1.0,0.0,0.0,0.0,0.0
0.494,1.0,0.0,0.0,0.0,0.0
0.495,1.0,0.0,0.0,0.0,0.0
0.496,1.0,0.0,0.0,0.0,0.0
0.497,1.0,0.0,0.0,0.0,0.0
0.498,1.0,0.0,0.0,0.0,0.0
0.499,1.0,0.0,0.0,0.0,0.0
0.5,1.0,0.0,0.0,0.0,0.0
0.501,1.0,0.0,0.0,0.0,0.0
0.502,1.0,0.0,0.0,0.0,0.0
0.503,1.0,0.0,0.0,0.0,0.0
0.504,1.0,0.0,0.0,0.0,0.0
0.505,1.0,0.0,0.0,0.0,0.0
0.506,1.0,0.0,0.0,0.0,0.0
0.507,1.0,0.0,0.0,0.0,0.0
0.508,1.0,0.0,0.0,0.0,0.0
0.509,1.0,0.0,0.0,0.0,0.0
0.51,1.0,0.0,0.0,0.0,0.0
0.511,1.0,0.0,0.0,0.0,0.0
0.512,1.0,0.0,0.0,0.0,0.0
0.513,1.0,0.0,0.0,0.0,0.0
0.514,1.0,0.0,0.0,0.0,0.0
0.515,1.0,0.0,0.0,0.0,0.0
0.516,1.0,0.0,0.0,0.0,0.0
0.517,1.0,0.0,0.0,0.0,0.0
0.518,1.0,0.0,0.0,0.0,0.0
0.519,1.0,0.0,0.0,0.0,0.0
0.52,1.0,0.0,0.0,0.0,0.0
0.521,1.0,0.0,0.0,0.0,0.0
0.522,1.0,0.0,0.0,0.0,0.0
0.523,1.0,0.0,0.0,0.0,0.0
0.524,1.0,0.0,0.0,0.0,0.0
0.525,1.0,0.0,0.0,0.0,0.0
0.526,1.0,0.0,0.0,0.0,0.0
0.527,1.0,0.0,0.0,0.0,0.0
0.528,1.0,0.0,0.0,0.0,0.0
0.529,1.0,0.0,0.0,0.0,0.0
0.53,1.0,0.0,0.0,0.0,0.0
0.531,1.0,0.0,0.0,0.0,0.0
0.532,1.0,0.0,0.0,0.0,0.0
0.533,1.0,0.0,0.0,0.0,0.0
0.534,1.0,0.0,0.0,0.0,0.0
0.535,1.0,0.0,0.0,0.0,0.0
0.536,1.0,0.0,0.0,0.0,0.0
0.537,1.0,0.0,0.0,0.0,0.0
0.538,1.0,0.0,0.0,0.0,0.0
0.539,1.0,0.0,0.0,0.0,0.0
0.54,1.0,0.0,0.0,0.0,0.0
0.541,1.0,0.0,0.0,0.0,0.0
0.542,1.0,0.0,0.0,0.0,0.0
0.543,1.0,0.0,0.0,0.0,0.0
0.544,1.0,0.0,0.0,0.0,0.0
0.545,1.0,0.0,0.0,0.0,0.0
0.546,1.0,0.0,0.0,0.0,0.0
0.547,1.0,0.0,0.0,0.0,0.0
0.548,1.0,0.0,0.0,0.0,0.0
0.549,1.0,0.0,0.0,0.0,0.0
0.55,1.0,0.0,0.0,0.0,0.0
0.551,1.0,0.0,0.0,0.0,0.0
0.552,1.0,0.0,0.0,0.0,0.0
0.553,1.0,0.0,0.0,0.0,0.0
0.554,1.0,0.0,0.0,0.0,0.0
0.555,1.0,0.0,0.0,0.0,0.0
0.556,1.0,0.0,0.0,0.0,0.0
0.557,1.0,0.0,0.0,0.0,0.0
0.558,1.0,0.0,0.0,0.0,0.0
0.559,1.0,0.0,0.0,0.0,0.0
0.56,1.0,0.0,0.0,0.0,0.0
0.561,1.0,0.0,0.0,0.0,0.0
0.562,1.0,0.0,0.0,0.0,0.0
0.5630000000000001,1.0,0.0,0.0,0.0,0.0
0.5640000000000001,1.0,0.0,0.0,0.0,0.0
0.5650000000000001,1.0,0.0,0.0,0.0,0.0
0.5660000000000001,1.0,0.0,0.0,0.0,0.0
0.5670000000000001,1.0,0.0,0.0,0.0,0.0
0.5680000000000001,1.0,0.0,0.0,0.0,0.0
0.5690000000000001,1.0,0.0,0.0,0.0,0.0
0.5700000000000001,1.0,0.0,0.0,0.0,0.0
0.5710000000000001,1.0,0.0,0.0,0.0,0.0
0.5720000000000001,1.0,0.0,0.0,0.0,0.0
0.5730000000000001,1.0,0.0,0.0,0.0,0.0
0.5740000000000001,1.0,0.0,0.0,0.0,0.0
0.5750000000000001,1.0,0.0,0.0,0.0,0.0
0.5760000000000001,1.0,0.0,0.0,0.0,0.0
0.577,1.0,0.0,0.0,0.0,0.0
0.578,1.0,0.0,0.0,0.0,0.0
0.579,1.0,0.0,0.0,0.0,0.0
0.58,1.0,0.0,0.0,0.0,0.0
0.581,1.0,0.0,0.0,0.0,0.0
0.582,1.0,0.0,0.0,0.0,0.0
0.583,1.0,0.0,0.0,0.0,0.0
0.584,1.0,0.0,0.0,0.0,0.0
0.585,1.0,0.0,0.0,0.0,0.0
0.586,1.0,0.0,0.0,0.0,0.0
0.587,1.0,0.0,0.0,0.0,0.0
0.588,1.0,0.0,0.0,0.0,0.0
0.589,1.0,0.0,0.0,0.0,0.0
0.59,1.0,0.0,0.0,0.0,0.0
0.591,1.0,0.0,0.0,0.0,0.0
0.592,1.0,0.0,0.0,0.0,0.0
0.593,1.0,0.0,0.0,0.0,0.0
0.594,1.0,0.0,0.0,0.0,0.0
0.595,1.0,0.0,0.0,0.0,0.0
0.596,1.0,0.0,0.0,0.0,0.0
0.597,1.0,0.0,0.0,0.0,0.0
0.598,1.0,0.0,0.0,0.0,0.0
0.599,1.0,0.0,0.0,0.0,0.0
0.6,1.0,0.0,0.0,0.0,0.0
0.601,1.0,0.0,0.0,0.0,0.0
0.602,1.0,0.0,0.0,0.0,0.0
0.603,1.0,0.0,0.0,0.0,0.0
0.604,1.0,0.0,0.0,0.0,0.0
0.605,1.0,0.0,0.0,0.0,0.0
0.606,1.0,0.0,0.0,0.0,0.0
0.607,1.0,0.0,0.0,0.0,0.0
0.608,1.0,0.0,0.0,0.0,0.0
0.609,1.0,0.0,0.0,0.0,0.0
0.61,1.0,0.0,0.0,0.0,0.0
0.611,1.0,0.0,0.0,0.0,0.0
0.612,1.0,0.0,0.0,0.0,0.0
0.613,1.0,0.0,0.0,0.0,0.0
0.614,1.0,0.0,0.0,0.0,0.0
0.615,1.0,0.0,0.0,0.0,0.0
0.616,1.0,0.0,0.0,0.0,0.0
0.617,1.0,0.0,0.0,0.0,0.0
0.618,1.0,0.0,0.0,0.0,0.0
0.619,1.0,0.0,0.0,0.0,0.0
0.62,1.0,0.0,0.0,0.0,0.0
0.621,1.0,0.0,0.0,0.0,0.0
0.622,1.0,0.0,0.0,0.0,0.0
0.623,1.0,0.0,0.0,0.0,0.0
0.624,1.0,0.0,0.0,0.0,0.0
0.625,1.0,0.0,0.0,0.0,0.0
0.626,1.0,0.0,0.0,0.0,0.0
0.627,1.0,0.0,0.0,0.0,0.0
0.628,1.0,0.0,0.0,0.0,0.0
0.629,1.0,0.0,0.0,0.0,0.0
0.63,1.0,0.0,0.0,0.0,0.0
0.631,1.0,0.0,0.0,0.0,0.0
0.632,1.0,0.0,0.0,0.0,0.0
0.633,1.0,0.0,0.0,0.0,0.0
0.634,1.0,0.0,0.0,0.0,0.0
0.635,1.0,0.0,0.0,0.0,0.0
0.636,1.0,0.0,0.0,0.0,0.0
0.637,1.0,0.0,0.0,0.0,0.0
0.638,1.0,0.0,0.0,0.0,0.0
0.639,1.0,0.0,0.0,0.0,0.0
0.64,1.0,0.0,0.0,0.0,0.0
0.641,1.0,0.0,0.0,0.0,0.0
0.642,1.0,0.0,0.0,0.0,0.0
0.643,1.0,0.0,0.0,0.0,0.0
0.644,1.0,0.0,0.0,0.0,0.0
0.645,1.0,0.0,0.0,0.0,0.0
0.646,1.0,0.0,0.0,0.0,0.0
0.647,1.0,0.0,0.0,0.0,0.0
0.648,1.0,0.0,0.0,0.0,0.0
0.649,1.0,0.0,0.0,0.0,0.0
0.65,1.0,0.0,0.0,0.0,0.0
0.651,1.0,0.0,0.0,0.0,0.0
0.652,1.0,0.0,0.0,0.0,0.0
0.653,1.0,0.0,0.0,0.0,0.0
0.654,1.0,0.0,0.0,0.0,0.0
0.655,1.0,0.0,0.0,0.0,0.0
0.656,1.0,0.0,0.0,0.0,0.0
0.657,1.0,0.0,0.0,0.0,0.0
0.658,1.0,0.0,0.0,0.0,0.0
0.659,1.0,0.0,0.0,0.0,0.0
0.66,1.0,0.0,0.0,0.0,0.0
0.661,1.0,0.0,0.0,0.0,0.0
0.662,1.0,0.0,0.0,0.0,0.0
0.663,1.0,0.0,0.0,0.0,0.0
0.664,1.0,0.0,0.0,0.0,0.0
0.665,1.0,0.0,0.0,0.0,0.0
0.666,1.0,0.0,0.0,0.0,0.0
0.667,1.0,0.0,0.0,0.0,0.0
0.668,1.0,0.0,0.0,0.0,0.0
0.669,1.0,0.0,0.0,0.0,0.0
0.67,1.0,0.0,0.0,0.0,0.0
0.671,1.0,0.0,0.0,0.0,0.0
0.672,1.0,0.0,0.0,0.0,0.0
0.673,1.0,0.0,0.0,0.0,0.0
0.674,1.0,0.0,0.0,0.0,0.0
0.675,1.0,0.0,0.0,0.0,0.0
0.676,1.0,0.0,0.0,0.0,0.0
0.677,1.0,0.0,0.0,0.0,0.0
0.678,1.0,0.0,0.0,0.0,0.0
0.679,1.0,0.0,0.0,0.0,0.0
0.68,1.0,0.0,0.0,0.0,0.0
0.681,1.0,0.0,0.0,0.0,0.0
0.682,1.0,0.0,0.0,0.0,0.0
0.683,1.0,0.0,0.0,0.0,0.0
0.684,1.0,0.0,0.0,0.0,0.0
0.685,1.0,0.0,0.0,0.0,0.0
0.686,1.0,0.0,0.0,0.0,0.0
0.687,1.0,0.0,0.0,0.0,0.0
0.6880000000000001,1.0,0.0,0.0,0.0,0.0
0.6890000000000001,1.0,0.0,0.0,0.0,0.0
0.6900000000000001,1.0,0.0,0.0,0.0,0.0
0.6910000000000001,1.0,0.0,0.0,0.0,0.0
0.6920000000000001,1.0,0.0,0.0,0.0,0.0
0.6930000000000001,1.0,0.0,0.0,0.0,0.0
0.6940000000000001,1.0,0.0,0.0,0.0,0.0
0.6950000000000001,1.0,0.0,0.0,0.0,0.0
0.6960000000000001,1.0,0.0,0.0,0.0,0.0
0.6970000000000001,1.0,0.0,0.0,0.0,0.0
0.6980000000000001,1.0,0.0,0.0,0.0,0.0
0.6990000000000001,1.0,0.0,0.0,0.0,0.0
0.7000000000000001,1.0,0.0,0.0,0.0,0.0
0.7010000000000001,1.0,0.0,0.0,0.0,0.0
0.7020000000000001,1.0,0.0,0.0,0.0,0.0
0.7030000000000001,1.0,0.0,0.0,0.0,0.0
0.704,1.0,0.0,0.0,0.0,0.0
0.705,1.0,0.0,0.0,0.0,0.0
0.706,1.0,0.0,0.0,0.0,0.0
0.707,1.0,0.0,0.0,0.0,0.0
0.708,1.0,0.0,0.0,0.0,0.0
0.709,1.0,0.0,0.0,0.0,0.0
0.71,1.0,0.0,0.0,0.0,0.0
0.711,1.0,0.0,0.0,0.0,0.0
0.712,1.0,0.0,0.0,0.0,0.0
0.713,1.0,0.0,0.0,0.0,0.0
0.714,1.0,0.0,0.0,0.0,0.0
0.715,1.0,0.0,0.0,0.0,0.0
0.716,1.0,0.0,0.0,0.0,0.0
0.717,1.0,0.0,0.0,0.0,0.0
0.718,1.0,0.0,0.0,0.0,0.0
0.719,1.0,0.0,0.0,0.0,0.0
0.72,1.0,0.0,0.0,0.0,0.0
0.721,1.0,0.0,0.0,0.0,0.0
0.722,1.0,0.0,0.0,0.0,0.0
0.723,1.0,0.0,0.0,0.0,0.0
0.724,1.0,0.0,0.0,0.0,0.0
0.725,1.0,0.0,0.0,0.0,0.0
0.726,1.0,0.0,0.0,0.0,0.0
0.727,1.0,0.0,0.0,0.0,0.0
0.728,1.0,0.0,0.0,0.0,0.0
0.729,1.0,0.0,0.0,0.0,0.0
0.73,1.0,0.0,0.0,0.0,0.0
0.731,1.0,0.0,0.0,0.0,0.0
0.732,1.0,0.0,0.0,0.0,0.0
0.733,1.0,0.0,0.0,0.0,0.0
0.734,1.0,0.0,0.0,0.0,0.0
0.735,1.0,0.0,0.0,0.0,0.0
0.736,1.0,0.0,0.0,0.0,0.0
0.737,1.0,0.0,0.0,0.0,0.0
0.738,1.0,0.0,0.0,0.0,0.0
0.739,1.0,0.0,0.0,0.0,0.0
0.74,1.0,0.0,0.0,0.0,0.0
0.741,1.0,0.0,0.0,0.0,0.0
0.742,1.0,0.0,0.0,0.0,0.0
0.743,1.0,0.0,0.0,0.0,0.0
0.744,1.0,0.0,0.0,0.0,0.0
0.745,1.0,0.0,0.0,0.0,0.0
0.746,1.0,0.0,0.0,0.0,0.0
0.747,1.0,0.0,0.0,0.0,0.0
0.748,1.0,0.0,0.0,0.0,0.0
0.749,1.0,0.0,0.0,0.0,0.0
0.75,1.0,0.0,0.0,0.0,0.0
0.751,1.0,0.0,0.0,0.0,0.0
0.752,1.0,0.0,0.0,0.0,0.0
0.753,1.0,0.0,0.0,0.0,0.0
0.754,1.0,0.0,0.0,0.0,0.0
0.755,1.0,0.0,0.0,0.0,0.0
0.756,1.0,0.0,0.0,0.0,0.0
0.757,1.0,0.0,0.0,0.0,0.0
0.758,1.0,0.0,0.0,0.0,0.0
0.759,1.0,0.0,0.0,0.0,0.0
0.76,1.0,0.0,0.0,0.0,0.0
0.761,1.0,0.0,0.0,0.0,0.0
0.762,1.0,0.0,0.0,0.0,0.0
0.763,1.0,0.0,0.0,0.0,0.0
0.764,1.0,0.0,0.0,0.0,0.0
0.765,1.0,0.0,0.0,0.0,0.0
0.766,1.0,0.0,0.0,0.0,0.0
0.767,1.0,0.0,0.0,0.0,0.0
0.768,1.0,0.0,0.0,0.0,0.0
0.769,1.0,0.0,0.0,0.0,0.0
0.77,1.0,0.0,0.0,0.0,0.0
0.771,1.0,0.0,0.0,0.0,0.0
0.772,1.0,0.0,0.0,0.0,0.0
0.773,1.0,0.0,0.0,0.0,0.0
0.774,1.0,0.0,0.0,0.0,0.0
0.775,1.0,0.0,0.0,0.0,0.0
0.776,1.0,0.0,0.0,0.0,0.0
0.777,1.0,0.0,0.0,0.0,0.0
0.778,1.0,0.0,0.0,0.0,0.0
0.779,1.0,0.0,0.0,0.0,0.0
0.78,1.0,0.0,0.0,0.0,0.0
0.781,1.0,0.0,0.0,0.0,0.0
0.782,1.0,0.0,0.0,0.0,0.0
0.783,1.0,0.0,0.0,0.0,0.0
0.784,1.0,0.0,0.0,0.0,0.0
0.785,1.0,0.0,0.0,0.0,0.0
0.786,1.0,0.0,0.0,0.0,0.0
0.787,1.0,0.0,0.0,0.0,0.0
0.788,1.0,0.0,0.0,0.0,0.0
0.789,1.0,0.0,0.0,0.0,0.0
0.79,1.0,0.0,0.0,0.0,0.0
0.791,1.0,0.0,0.0,0.0,0.0
0.792,1.0,0.0,0.0,0.0,0.0
0.793,1.0,0.0,0.0,0.0,0.0
0.794,1.0,0.0,0.0,0.0,0.0
0.795,1.0,0.0,0.0,0.0,0.0
0.796,1.0,0.0,0.0,0.0,0.0
0.797,1.0,0.0,0.0,0.0,0.0
0.798,1.0,0.0,0.0,0.0,0.0
0.799,1.0,0.0,0.0,0.0,0.0
0.8,1.0,0.0,0.0,0.0,0.0
0.801,1.0,0.0,0.0,0.0,0.0
0.802,1.0,0.0,0.0,0.0,0.0
0.803,1.0,0.0,0.0,0.0,0.0
0.804,1.0,0.0,0.0,0.0,0.0
0.805,1.0,0.0,0.0,0.0,0.0
0.806,1.0,0.0,0.0,0.0,0.0
0.807,1.0,0.0,0.0,0.0,0.0
0.808,1.0,0.0,0.0,0.0,0.0
0.809,1.0,0.0,0.0,0.0,0.0
0.81,1.0,0.0,0.0,0.0,0.0
0.811,1.0,0.0,0.0,0.0,0.0
0.812,1.0,0.0,0.0,0.0,0.0
0.8130000000000001,1.0,0.0,0.0,0.0,0.0
0.8140000000000001,1.0,0.0,0.0,0.0,0.0
0.8150000000000001,1.0,0.0,0.0,0.0,0.0
0.8160000000000001,1.0,0.0,0.0,0.0,0.0
0.8170000000000001,1.0,0.0,0.0,0.0,0.0
0.8180000000000001,1.0,0.0,0.0,0.0,0.0
0.8190000000000001,1.0,0.0,0.0,0.0,0.0
0.8200000000000001,1.0,0.0,0.0,0.0,0.0
0.8210000000000001,1.0,0.0,0.0,0.0,0.0
0.8220000000000001,1.0,0.0,0.0,0.0,0.0
0.8230000000000001,1.0,0.0,0.0,0.0,0.0
0.8240000000000001,1.0,0.0,0.0,0.0,0.0
0.8250000000000001,1.0,0.0,0.0,0.0,0.0
0.8260000000000001,1.0,0.0,0.0,0.0,0.0
0.8270000000000001,1.0,0.0,0.0,0.0,0.0
0.8280000000000001,1.0,0.0,0.0,0.0,0.0
0.8290000000000001,1.0,0.0,0.0,0.0,0.0
0.8300000000000001,1.0,0.0,0.0,0.0,0.0
0.8310000000000001,1.0,0.0,0.0,0.0,0.0
0.8320000000000001,1.0,0.0,0.0,0.0,0.0
0.833,1.0,0.0,0.0,0.0,0.0
0.834,1.0,0.0,0.0,0.0,0.0
0.835,1.0,0.0,0.0,0.0,0.0
0.836,1.0,0.0,0.0,0.0,0.0
0.837,1.0,0.0,0.0,0.0,0.0
0.838,1.0,0.0,0.0,0.0,0.0
0.839,1.0,0.0,0.0,0.0,0.0
0.84,1.0,0.0,0.0,0.0,0.0
0.841,1.0,0.0,0.0,0.0,0.0
0.842,1.0,0.0,0.0,0.0,0.0
0.843,1.0,0.0,0.0,0.0,0.0
0.844,1.0,0.0,0.0,0.0,0.0
0.845,1.0,0.0,0.0,0.0,0.0
0.846,1.0,0.0,0.0,0.0,0.0
0.847,1.0,0.0,0.0,0.0,0.0
0.848,1.0,0.0,0.0,0.0,0.0
0.849,1.0,0.0,0.0,0.0,0.0
0.85,1.0,0.0,0.0,0.0,0.0
0.851,1.0,0.0,0.0,0.0,0.0
0.852,1.0,0.0,0.0,0.0,0.0
0.853,1.0,0.0,0.0,0.0,0.0
0.854,1.0,0.0,0.0,0.0,0.0
0.855,1.0,0.0,0.0,0.0,0.0
0.856,1.0,0.0,0.0,0.0,0.0
0.857,1.0,0.0,0.0,0.0,0.0
0.858,1.0,0.0,0.0,0.0,0.0
0.859,1.0,0.0,0.0,0.0,0.0
0.86,1.0,0.0,0.0,0.0,0.0
0.861,1.0,0.0,0.0,0.0,0.0
0.862,1.0,0.0,0.0,0.0,0.0
0.863,1.0,0.0,0.0,0.0,0.0
0.864,1.0,0.0,0.0,0.0,0.0
0.865,1.0,0.0,0.0,0.0,0.0
0.866,1.0,0.0,0.0,0.0,0.0
0.867,1.0,0.0,0.0,0.0,0.0
0.868,1.0,0.0,0.0,0.0,0.0
0.869,1.0,0.0,0.0,0.0,0.0
0.87,1.0,0.0,0.0,0.0,0.0
0.871,1.0,0.0,0.0,0.0,0.0
0.872,1.0,0.0,0.0,0.0,0.0
0.873,1.0,0.0,0.0,0.0,0.0
0.874,1.0,0.0,0.0,0.0,0.0
0.875,1.0,0.0,0.0,0.0,0.0
0.876,1.0,0.0,0.0,0.0,0.0
0.877,1.0,0.0,0.0,0.0,0.0
0.878,1.0,0.0,0.0,0.0,0.0
0.879,1.0,0.0,0.0,0.0,0.0
0.88,1.0,0.0,0.0,0.0,0.0
0.881,1.0,0.0,0.0,0.0,0.0
0.882,1.0,0.0,0.0,0.0,0.0
0.883,1.0,0.0,0.0,0.0,0.0
0.884,1.0,0.0,0.0,0.0,0.0
0.885,1.0,0.0,0.0,0.0,0.0
0.886,1.0,0.0,0.0,0.0,0.0
0.887,1.0,0.0,0.0,0.0,0.0
0.888,1.0,0.0,0.0,0.0,0.0
0.889,1.0,0.0,0.0,0.0,0.0
0.89,1.0,0.0,0.0,0.0,0.0
0.891,1.0,0.0,0.0,0.0,0.0
0.892,1.0,0.0,0.0,0.0,0.0
0.893,1.0,0.0,0.0,0.0,0.0
0.894,1.0,0.0,0.0,0.0,0.0
0.895,1.0,0.0,0.0,0.0,0.0
0.896,1.0,0.0,0.0,0.0,0.0
0.897,1.0,0.0,0.0,0.0,0.0
0.898,1.0,0.0,0.0,0.0,0.0
0.899,1.0,0.0,0.0,0.0,0.0
0.9,1.0,0.0,0.0,0.0,0.0
0.901,1.0,0.0,0.0,0.0,0.0
0.902,1.0,0.0,0.0,0.0,0.0
0.903,1.0,0.0,0.0,0.0,0.0
0.904,1.0,0.0,0.0,0.0,0.0
0.905,1.0,0.0,0.0,0.0,0.0
0.906,1.0,0.0,0.0,0.0,0.0
0.907,1.0,0.0,0.0,0.0,0.0
0.908,1.0,0.0,0.0,0.0,0.0
0.909,1.0,0.0,0.0,0.0,0.0
0.91,1.0,0.0,0.0,0.0,0.0
0.911,1.0,0.0,0.0,0.0,0.0
0.912,1.0,0.0,0.0,0.0,0.0
0.913,1.0,0.0,0.0,0.0,0.0
0.914,1.0,0.0,0.0,0.0,0.0
0.915,1.0,0.0,0.0,0.0,0.0
0.916,1.0,0.0,0.0,0.0,0.0
0.917,1.0,0.0,0.0,0.0,0.0
0.918,1.0,0.0,0.0,0.0,0.0
0.919,1.0,0.0,0.0,0.0,0.0
0.92,1.0,0.0,0.0,0.0,0.0
0.921,1.0,0.0,0.0,0.0,0.0
0.922,1.0,0.0,0.0,0.0,0.0
0.923,1.0,0.0,0.0,0.0,0.0
0.924,1.0,0.0,0.0,0.0,0.0
0.925,1.0,0.0,0.0,0.0,0.0
0.926,1.0,0.0,0.0,0.0,0.0
0.927,1.0,0.0,0.0,0.0,0.0
0.928,1.0,0.0,0.0,0.0,0.0
0.929,1.0,0.0,0.0,0.0,0.0
0.93,1.0,0.0,0.0,0.0,0.0
0.931,1.0,0.0,0.0,0.0,0.0
0.932,1.0,0.0,0.0,0.0,0.0
0.933,1.0,0.0,0.0,0.0,0.0
0.934,1.0,0.0,0.0,0.0,0.0
0.935,1.0,0.0,0.0,0.0,0.0
0.936,1.0,0.0,0.0,0.0,0.0
0.937,1.0,0.0,0.0,0.0,0.0
0.9380000000000001,1.0,0.0,0.0,0.0,0.0
0.9390000000000001,1.0,0.0,0.0,0.0,0.0
0.9400000000000001,1.0,0.0,0.0,0.0,0.0
0.9410000000000001,1.0,0.0,0.0,0.0,0.0
0.9420000000000001,1.0,0.0,0.0,0.0,0.0
0.9430000000000001,1.0,0.0,0.0,0.0,0.0
0.9440000000000001,1.0,0.0,0.0,0.0,0.0
0.9450000000000001,1.0,0.0,0.0,0.0,0.0
0.9460000000000001,1.0,0.0,0.0,0.0,0.0
0.9470000000000001,1.0,0.0,0.0,0.0,0.0
0.9480000000000001,1.0,0.0,0.0,0.0,0.0
0.9490000000000001,1.0,0.0,0.0,0.0,0.0
0.9500000000000001,1.0,0.0,0.0,0.0,0.0
0.9510000000000001,1.0,0.0,0.0,0.0,0.0
0.9520000000000001,1.0,0.0,0.0,0.0,0.0
0.9530000000000001,1.0,0.0,0.0,0.0,0.0
0.9540000000000001,1.0,0.0,0.0,0.0,0.0
0.9550000000000001,1.0,0.0,0.0,0.0,0.0
0.9560000000000001,1.0,0.0,0.0,0.0,0.0
0.9570000000000001,1.0,0.0,0.0,0.0,0.0
0.9580000000000001,1.0,0.0,0.0,0.0,0.0
0.9590000000000001,1.0,0.0,0.0,0.0,0.0
0.96,1.0,0.0,0.0,0.0,0.0
0.961,1.0,0.0,0.0,0.0,0.0
0.962,1.0,0.0,0.0,0.0,0.0
0.963,1.0,0.0,0.0,0.0,0.0
0.964,1.0,0.0,0.0,0.0,0.0
0.965,1.0,0.0,0.0,0.0,0.0
0.966,1.0,0.0,0.0,0.0,0.0
0.967,1.0,0.0,0.0,0.0,0.0
0.968,1.0,0.0,0.0,0.0,0.0
0.969,1.0,0.0,0.0,0.0,0.0
0.97,1.0,0.0,0.0,0.0,0.0
0.971,1.0,0.0,0.0,0.0,0.0
0.972,1.0,0.0,0.0,0.0,0.0
0.973,1.0,0.0,0.0,0.0,0.0
0.974,1.0,0.0,0.0,0.0,0.0
0.975,1.0,0.0,0.0,0.0,0.0
0.976,1.0,0.0,0.0,0.0,0.0
0.977,1.0,0.0,0.0,0.0,0.0
0.978,1.0,0.0,0.0,0.0,0.0
0.979,1.0,0.0,0.0,0.0,0.0
0.98,1.0,0.0,0.0,0.0,0.0
0.981,1.0,0.0,0.0,0.0,0.0
0.982,1.0,0.0,0.0,0.0,0.0
0.983,1.0,0.0,0.0,0.0,0.0
0.984,1.0,0.0,0.0,0.0,0.0
0.985,1.0,0.0,0.0,0.0,0.0
0.986,1.0,0.0,0.0,0.0,0.0
0.987,1.0,0.0,0.0,0.0,0.0
0.988,1.0,0.0,0.0,0.0,0.0
0.989,1.0,0.0,0.0,0.0,0.0
0.99,1.0,0.0,0.0,0.0,0.0
0.991,1.0,0.0,0.0,0.0,0.0
0.992,1.0,0.0,0.0,0.0,0.0
0.993,1.0,0.0,0.0,0.0,0.0
0.994,1.0,0.0,0.0,0.0,0.0
0.995,1.0,0.0,0.0,0.0,0.0
0.996,1.0,0.0,0.0,0.0,0.0
0.997,1.0,0.0,0.0,0.0,0.0
0.998,1.0,0.0,0.0,0.0,0.0
0.999,1.0,0.0,0.0,0.0,0.0
1.0,1.0,0.0,0.0,0.0,0.0
1.0010000000000001,1.0,0.0,0.0,0.0,0.0
1.002,1.0,0.0,0.0,0.0,0.0
1.0030000000000001,1.0,0.0,0.0,0.0,0.0
1.004,1.0,0.0,0.0,0.0,0.0
1.0050000000000001,1.0,0.0,0.0,0.0,0.0
1.006,1.0,0.0,0.0,0.0,0.0
1.0070000000000001,1.0,0.0,0.0,0.0,0.0
1.008,1.0,0.0,0.0,0.0,0.0
1.0090000000000001,1.0,0.0,0.0,0.0,0.0
1.01,1.0,0.0,0.0,0.0,0.0
1.0110000000000001,1.0,0.0,0.0,0.0,0.0
1.012,1.0,0.0,0.0,0.0,0.0
1.0130000000000001,1.0,0.0,0.0,0.0,0.0
1.014,1.0,0.0,0.0,0.0,0.0
1.0150000000000001,1.0,0.0,0.0,0.0,0.0
1.016,1.0,0.0,0.0,0.0,0.0
1.0170000000000001,1.0,0.0,0.0,0.0,0.0
1.018,1.0,0.0,0.0,0.0,0.0
1.0190000000000001,1.0,0.0,0.0,0.0,0.0
1.02,1.0,0.0,0.0,0.0,0.0
1.0210000000000001,1.0,0.0,0.0,0.0,0.0
1.022,1.0,0.0,0.0,0.0,0.0
1.0230000000000001,1.0,0.0,0.0,0.0,0.0
1.024,1.0,0.0,0.0,0.0,0.0
1.025,1.0,0.0,0.0,0.0,0.0
1.026,1.0,0.0,0.0,0.0,0.0
1.027,1.0,0.0,0.0,0.0,0.0
1.028,1.0,0.0,0.0,0.0,0.0
1.029,1.0,0.0,0.0,0.0,0.0
1.03,1.0,0.0,0.0,0.0,0.0
1.031,1.0,0.0,0.0,0.0,0.0
1.032,1.0,0.0,0.0,0.0,0.0
1.033,1.0,0.0,0.0,0.0,0.0
1.034,1.0,0.0,0.0,0.0,0.0
1.035,1.0,0.0,0.0,0.0,0.0
1.036,1.0,0.0,0.0,0.0,0.0
1.037,1.0,0.0,0.0,0.0,0.0
1.038,1.0,0.0,0.0,0.0,0.0
1.039,1.0,0.0,0.0,0.0,0.0
1.04,1.0,0.0,0.0,0.0,0.0
1.041,1.0,0.0,0.0,0.0,0.0
1.042,1.0,0.0,0.0,0.0,0.0
1.043,1.0,0.0,0.0,0.0,0.0
1.044,1.0,0.0,0.0,0.0,0.0
1.045,1.0,0.0,0.0,0.0,0.0
1.046,1.0,0.0,0.0,0.0,0.0
1.047,1.0,0.0,0.0,0.0,0.0
1.048,1.0,0.0,0.0,0.0,0.0
1.049,1.0,0.0,0.0,0.0,0.0
1.05,1.0,0.0,0.0,0.0,0.0
1.051,1.0,0.0,0.0,0.0,0.0
1.052,1.0,0.0,0.0,0.0,0.0
1.053,1.0,0.0,0.0,0.0,0.0
1.054,1.0,0.0,0.0,0.0,0.0
1.055,1.0,0.0,0.0,0.0,0.0
1.056,1.0,0.0,0.0,0.0,0.0
1.057,1.0,0.0,0.0,0.0,0.0
1.058,1.0,0.0,0.0,0.0,0.0
1.059,1.0,0.0,0.0,0.0,0.0
1.06,1.0,0.0,0.0,0.0,0.0
1.061,1.0,0.0,0.0,0.0,0.0
1.062,1.0,0.0,0.0,0.0,0.0
1.063,1.0,0.0,0.0,0.0,0.0
1.064,1.0,0.0,0.0,0.0,0.0
1.065,1.0,0.0,0.0,0.0,0.0
1.066,1.0,0.0,0.0,0.0,0.0
1.067,1.0,0.0,0.0,0.0,0.0
1.068,1.0,0.0,0.0,0.0,0.0
1.069,1.0,0.0,0.0,0.0,0.0
1.07,1.0,0.0,0.0,0.0,0.0
1.071,1.0,0.0,0.0,0.0,0.0
1.072,1.0,0.0,0.0,0.0,0.0
1.073,1.0,0.0,0.0,0.0,0.0
1.074,1.0,0.0,0.0,0.0,0.0
1.075,1.0,0.0,0.0,0.0,0.0
1.076,1.0,0.0,0.0,0.0,0.0
1.077,1.0,0.0,0.0,0.0,0.0
1.078,1.0,0.0,0.0,0.0,0.0
1.079,1.0,0.0,0.0,0.0,0.0
1.08,1.0,0.0,0.0,0.0,0.0
1.081,1.0,0.0,0.0,0.0,0.0
1.082,1.0,0.0,0.0,0.0,0.0
1.083,1.0,0.0,0.0,0.0,0.0
1.084,1.0,0.0,0.0,0.0,0.0
1.085,1.0,0.0,0.0,0.0,0.0
1.086,1.0,0.0,0.0,0.0,0.0
1.087,1.0,0.0,0.0,0.0,0.0
1.088,1.0,0.0,0.0,0.0,0.0
1.089,1.0,0.0,0.0,0.0,0.0
1.09,1.0,0.0,0.0,0.0,0.0
1.091,1.0,0.0,0.0,0.0,0.0
1.092,1.0,0.0,0.0,0.0,0.0
1.093,1.0,0.0,0.0,0.0,0.0
1.094,1.0,0.0,0.0,0.0,0.0
1.095,1.0,0.0,0.0,0.0,0.0
1.096,1.0,0.0,0.0,0.0,0.0
1.097,1.0,0.0,0.0,0.0,0.0
1.098,1.0,0.0,0.0,0.0,0.0
1.099,1.0,0.0,0.0,0.0,0.0
1.1,1.0,0.0,0.0,0.0,0.0
1.101,1.0,0.0,0.0,0.0,0.0
1.102,1.0,0.0,0.0,0.0,0.0
1.103,1.0,0.0,0.0,0.0,0.0
1.104,1.0,0.0,0.0,0.0,0.0
1.105,1.0,0.0,0.0,0.0,0.0
1.106,1.0,0.0,0.0,0.0,0.0
1.107,1.0,0.0,0.0,0.0,0.0
1.108,1.0,0.0,0.0,0.0,0.0
1.109,1.0,0.0,0.0,0.0,0.0
1.11,1.0,0.0,0.0,0.0,0.0
1.111,1.0,0.0,0.0,0.0,0.0
1.112,1.0,0.0,0.0,0.0,0.0
1.113,1.0,0.0,0.0,0.0,0.0
1.114,1.0,0.0,0.0,0.0,0.0
1.115,1.0,0.0,0.0,0.0,0.0
1.116,1.0,0.0,0.0,0.0,0.0
1.117,1.0,0.0,0.0,0.0,0.0
1.118,1.0,0.0,0.0,0.0,0.0
1.119,1.0,0.0,0.0,0.0,0.0
1.12,1.0,0.0,0.0,0.0,0.0
1.121,1.0,0.0,0.0,0.0,0.0
1.122,1.0,0.0,0.0,0.0,0.0
1.123,1.0,0.0,0.0,0.0,0.0
1.124,1.0,0.0,0.0,0.0,0.0
1.125,1.0,0.0,0.0,0.0,0.0
1.1260000000000001,1.0,0.0,0.0,0.0,0.0
1.127,1.0,0.0,0.0,0.0,0.0
1.1280000000000001,1.0,0.0,0.0,0.0,0.0
1.129,1.0,0.0,0.0,0.0,0.0
1.1300000000000001,1.0,0.0,0.0,0.0,0.0
1.131,1.0,0.0,0.0,0.0,0.0
1.1320000000000001,1.0,0.0,0.0,0.0,0.0
1.133,1.0,0.0,0.0,0.0,0.0
1.1340000000000001,1.0,0.0,0.0,0.0,0.0
1.135,1.0,0.0,0.0,0.0,0.0
1.1360000000000001,1.0,0.0,0.0,0.0,0.0
1.137,1.0,0.0,0.0,0.0,0.0
1.1380000000000001,1.0,0.0,0.0,0.0,0.0
1.139,1.0,0.0,0.0,0.0,0.0
1.1400000000000001,1.0,0.0,0.0,0.0,0.0
1.141,1.0,0.0,0.0,0.0,0.0
1.1420000000000001,1.0,0.0,0.0,0.0,0.0
1.143,1.0,0.0,0.0,0.0,0.0
1.1440000000000001,1.0,0.0,0.0,0.0,0.0
1.145,1.0,0.0,0.0,0.0,0.0
1.1460000000000001,1.0,0.0,0.0,0.0,0.0
1.147,1.0,0.0,0.0,0.0,0.0
1.1480000000000001,1.0,0.0,0.0,0.0,0.0
1.149,1.0,0.0,0.0,0.0,0.0
1.1500000000000001,1.0,0.0,0.0,0.0,0.0
1.151,1.0,0.0,0.0,0.0,0.0
1.1520000000000001,1.0,0.0,0.0,0.0,0.0
1.153,1.0,0.0,0.0,0.0,0.0
1.154,1.0,0.0,0.0,0.0,0.0
1.155,1.0,0.0,0.0,0.0,0.0
1.156,1.0,0.0,0.0,0.0,0.0
1.157,1.0,0.0,0.0,0.0,0.0
1.158,1.0,0.0,0.0,0.0,0.0
1.159,1.0,0.0,0.0,0.0,0.0
1.16,1.0,0.0,0.0,0.0,0.0
1.161,1.0,0.0,0.0,0.0,0.0
1.162,1.0,0.0,0.0,0.0,0.0
1.163,1.0,0.0,0.0,0.0,0.0
1.164,1.0,0.0,0.0,0.0,0.0
1.165,1.0,0.0,0.0,0.0,0.0
1.166,1.0,0.0,0.0,0.0,0.0
1.167,1.0,0.0,0.0,0.0,0.0
1.168,1.0,0.0,0.0,0.0,0.0
1.169,1.0,0.0,0.0,0.0,0.0
1.17,1.0,0.0,0.0,0.0,0.0
1.171,1.0,0.0,0.0,0.0,0.0
1.172,1.0,0.0,0.0,0.0,0.0
1.173,1.0,0.0,0.0,0.0,0.0
1.174,1.0,0.0,0.0,0.0,0.0
1.175,1.0,0.0,0.0,0.0,0.0
1.176,1.0,0.0,0.0,0.0,0.0
1.177,1.0,0.0,0.0,0.0,0.0
1.178,1.0,0.0,0.0,0.0,0.0
1.179,1.0,0.0,0.0,0.0,0.0
1.18,1.0,0.0,0.0,0.0,0.0
1.181,1.0,0.0,0.0,0.0,0.0
1.182,1.0,0.0,0.0,0.0,0.0
1.183,1.0,0.0,0.0,0.0,0.0
1.184,1.0,0.0,0.0,0.0,0.0
1.185,1.0,0.0,0.0,0.0,0.0
1.186,1.0,0.0,0.0,0.0,0.0
1.187,1.0,0.0,0.0,0.0,0.0
1.188,1.0,0.0,0.0,0.0,0.0
1.189,1.0,0.0,0.0,0.0,0.0
1.19,1.0,0.0,0.0,0.0,0.0
1.191,1.0,0.0,0.0,0.0,0.0
1.192,1.0,0.0,0.0,0.0,0.0
1.193,1.0,0.0,0.0,0.0,0.0
1.194,1.0,0.0,0.0,0.0,0.0
1.195,1.0,0.0,0.0,0.0,0.0
1.196,1.0,0.0,0.0,0.0,0.0
1.197,1.0,0.0,0.0,0.0,0.0
1.198,1.0,0.0,0.0,0.0,0.0
1.199,1.0,0.0,0.0,0.0,0.0
1.2,1.0,0.0,0.0,0.0,0.0
1.201,1.0,0.0,0.0,0.0,0.0
1.202,1.0,0.0,0.0,0.0,0.0
1.203,1.0,0.0,0.0,0.0,0.0
1.204,1.0,0.0,0.0,0.0,0.0
1.205,1.0,0.0,0.0,0.0,0.0
1.206,1.0,0.0,0.0,0.0,0.0
1.207,1.0,0.0,0.0,0.0,0.0
1.208,1.0,0.0,0.0,0.0,0.0
1.209,1.0,0.0,0.0,0.0,0.0
1.21,1.0,0.0,0.0,0.0,0.0
1.211,1.0,0.0,0.0,0.0,0.0
1.212,1.0,0.0,0.0,0.0,0.0
1.213,1.0,0.0,0.0,0.0,0.0
1.214,1.0,0.0,0.0,0.0,0.0
1.215,1.0,0.0,0.0,0.0,0.0
1.216,1.0,0.0,0.0,0.0,0.0
1.217,1.0,0.0,0.0,0.0,0.0
1.218,1.0,0.0,0.0,0.0,0.0
1.219,1.0,0.0,0.0,0.0,0.0
1.22,1.0,0.0,0.0,0.0,0.0
1.221,1.0,0.0,0.0,0.0,0.0
1.222,1.0,0.0,0.0,0.0,0.0
1.223,1.0,0.0,0.0,0.0,0.0
1.224,1.0,0.0,0.0,0.0,0.0
1.225,1.0,0.0,0.0,0.0,0.0
1.226,1.0,0.0,0.0,0.0,0.0
1.227,1.0,0.0,0.0,0.0,0.0
1.228,1.0,0.0,0.0,0.0,0.0
1.229,1.0,0.0,0.0,0.0,0.0
1.23,1.0,0.0,0.0,0.0,0.0
1.231,1.0,0.0,0.0,0.0,0.0
1.232,1.0,0.0,0.0,0.0,0.0
1.233,1.0,0.0,0.0,0.0,0.0
1.234,1.0,0.0,0.0,0.0,0.0
1.235,1.0,0.0,0.0,0.0,0.0
1.236,1.0,0.0,0.0,0.0,0.0
1.237,1.0,0.0,0.0,0.0,0.0
1.238,1.0,0.0,0.0,0.0,0.0
1.239,1.0,0.0,0.0,0.0,0.0
1.24,1.0,0.0,0.0,0.0,0.0
1.241,1.0,0.0,0.0,0.0,0.0
1.242,1.0,0.0,0.0,0.0,0.0
1.243,1.0,0.0,0.0,0.0,0.0
1.244,1.0,0.0,0.0,0.0,0.0
1.245,1.0,0.0,0.0,0.0,0.0
1.246,1.0,0.0,0.0,0.0,0.0
1.247,1.0,0.0,0.0,0.0,0.0
1.248,1.0,0.0,0.0,0.0,0.0
1.249,1.0,0.0,0.0,0.0,0.0
1.25,1.0,0.0,0.0,0.0,0.0
1.2510000000000001,1.0,0.0,0.0,0.0,0.0
1.252,1.0,0.0,0.0,0.0,0.0
1.2530000000000001,1.0,0.0,0.0,0.0,0.0
1.254,1.0,0.0,0.0,0.0,0.0
1.2550000000000001,1.0,0.0,0.0,0.0,0.0
1.256,1.0,0.0,0.0,0.0,0.0
1.2570000000000001,1.0,0.0,0.0,0.0,0.0
1.258,1.0,0.0,0.0,0.0,0.0
1.2590000000000001,1.0,0.0,0.0,0.0,0.0
1.26,1.0,0.0,0.0,0.0,0.0
1.2610000000000001,1.0,0.0,0.0,0.0,0.0
1.262,1.0,0.0,0.0,0.0,0.0
1.2630000000000001,1.0,0.0,0.0,0.0,0.0
1.264,1.0,0.0,0.0,0.0,0.0
1.2650000000000001,1.0,0.0,0.0,0.0,0.0
1.266,1.0,0.0,0.0,0.0,0.0
1.2670000000000001,1.0,0.0,0.0,0.0,0.0
1.268,1.0,0.0,0.0,0.0,0.0
1.2690000000000001,1.0,0.0,0.0,0.0,0.0
1.27,1.0,0.0,0.0,0.0,0.0
1.2710000000000001,1.0,0.0,0.0,0.0,0.0
1.272,1.0,0.0,0.0,0.0,0.0
1.2730000000000001,1.0,0.0,0.0,0.0,0.0
1.274,1.0,0.0,0.0,0.0,0.0
1.2750000000000001,1.0,0.0,0.0,0.0,0.0
1.276,1.0,0.0,0.0,0.0,0.0
1.2770000000000001,1.0,0.0,0.0,0.0,0.0
1.278,1.0,0.0,0.0,0.0,0.0
1.2790000000000001,1.0,0.0,0.0,0.0,0.0
1.28,1.0,0.0,0.0,0.0,0.0
1.281,1.0,0.0,0.0,0.0,0.0
1.282,1.0,0.0,0.0,0.0,0.0
1.283,1.0,0.0,0.0,0.0,0.0
1.284,1.0,0.0,0.0,0.0,0.0
1.285,1.0,0.0,0.0,0.0,0.0
1.286,1.0,0.0,0.0,0.0,0.0
1.287,1.0,0.0,0.0,0.0,0.0
1.288,1.0,0.0,0.0,0.0,0.0
1.289,1.0,0.0,0.0,0.0,0.0
1.29,1.0,0.0,0.0,0.0,0.0
1.291,1.0,0.0,0.0,0.0,0.0
1.292,1.0,0.0,0.0,0.0,0.0
1.293,1.0,0.0,0.0,0.0,0.0
1.294,1.0,0.0,0.0,0.0,0.0
1.295,1.0,0.0,0.0,0.0,0.0
1.296,1.0,0.0,0.0,0.0,0.0
1.297,1.0,0.0,0.0,0.0,0.0
1.298,1.0,0.0,0.0,0.0,0.0
1.299,1.0,0.0,0.0,0.0,0.0
1.3,1.0,0.0,0.0,0.0,0.0
1.301,1.0,0.0,0.0,0.0,0.0
1.302,1.0,0.0,0.0,0.0,0.0
1.303,1.0,0.0,0.0,0.0,0.0
1.304,1.0,0.0,0.0,0.0,0.0
1.305,1.0,0.0,0.0,0.0,0.0
1.306,1.0,0.0,0.0,0.0,0.0
1.307,1.0,0.0,0.0,0.0,0.0
1.308,1.0,0.0,0.0,0.0,0.0
1.309,1.0,0.0,0.0,0.0,0.0
1.31,1.0,0.0,0.0,0.0,0.0
1.311,1.0,0.0,0.0,0.0,0.0
1.312,1.0,0.0,0.0,0.0,0.0
1.313,1.0,0.0,0.0,0.0,0.0
1.314,1.0,0.0,0.0,0.0,0.0
1.315,1.0,0.0,0.0,0.0,0.0
1.316,1.0,0.0,0.0,0.0,0.0
1.317,1.0,0.0,0.0,0.0,0.0
1.318,1.0,0.0,0.0,0.0,0.0
1.319,1.0,0.0,0.0,0.0,0.0
1.32,1.0,0.0,0.0,0.0,0.0
1.321,1.0,0.0,0.0,0.0,0.0
1.322,1.0,0.0,0.0,0.0,0.0
1.323,1.0,0.0,0.0,0.0,0.0
1.324,1.0,0.0,0.0,0.0,0.0
1.325,1.0,0.0,0.0,0.0,0.0
1.326,1.0,0.0,0.0,0.0,0.0
1.327,1.0,0.0,0.0,0.0,0.0
1.328,1.0,0.0,0.0,0.0,0.0
1.329,1.0,0.0,0.0,0.0,0.0
1.33,1.0,0.0,0.0,0.0,0.0
1.331,1.0,0.0,0.0,0.0,0.0
1.332,1.0,0.0,0.0,0.0,0.0
1.333,1.0,0.0,0.0,0.0,0.0
1.334,1.0,0.0,0.0,0.0,0.0
1.335,1.0,0.0,0.0,0.0,0.0
1.336,1.0,0.0,0.0,0.0,0.0
1.337,1.0,0.0,0.0,0.0,0.0
1.338,1.0,0.0,0.0,0.0,0.0
1.339,1.0,0.0,0.0,0.0,0.0
1.34,1.0,0.0,0.0,0.0,0.0
1.341,1.0,0.0,0.0,0.0,0.0
1.342,1.0,0.0,0.0,0.0,0.0
1.343,1.0,0.0,0.0,0.0,0.0
1.344,1.0,0.0,0.0,0.0,0.0
1.345,1.0,0.0,0.0,0.0,0.0
1.346,1.0,0.0,0.0,0.0,0.0
1.347,1.0,0.0,0.0,0.0,0.0
1.348,1.0,0.0,0.0,0.0,0.0
1.349,1.0,0.0,0.0,0.0,0.0
1.35,1.0,0.0,0.0,0.0,0.0
1.351,1.0,0.0,0.0,0.0,0.0
1.352,1.0,0.0,0.0,0.0,0.0
1.353,1.0,0.0,0.0,0.0,0.0
1.354,1.0,0.0,0.0,0.0,0.0
1.355,1.0,0.0,0.0,0.0,0.0
1.356,1.0,0.0,0.0,0.0,0.0
1.357,1.0,0.0,0.0,0.0,0.0
1.358,1.0,0.0,0.0,0.0,0.0
1.359,1.0,0.0,0.0,0.0,0.0
1.36,1.0,0.0,0.0,0.0,0.0
1.361,1.0,0.0,0.0,0.0,0.0
1.362,1.0,0.0,0.0,0.0,0.0
1.363,1.0,0.0,0.0,0.0,0.0
1.364,1.0,0.0,0.0,0.0,0.0
1.365,1.0,0.0,0.0,0.0,0.0
1.366,1.0,0.0,0.0,0.0,0.0
1.367,1.0,0.0,0.0,0.0,0.0
1.368,1.0,0.0,0.0,0.0,0.0
1.369,1.0,0.0,0.0,0.0,0.0
1.37,1.0,0.0,0.0,0.0,0.0
1.371,1.0,0.0,0.0,0.0,0.0
1.372,1.0,0.0,0.0,0.0,0.0
1.373,1.0,0.0,0.0,0.0,0.0
1.374,1.0,0.0,0.0,0.0,0.0
1.375,1.0,0.0,0.0,0.0,0.0
1.3760000000000001,1.0,0.0,0.0,0.0,0.0
1.377,1.0,0.0,0.0,0.0,0.0
1.3780000000000001,1.0,0.0,0.0,0.0,0.0
1.379,1.0,0.0,0.0,0.0,0.0
1.3800000000000001,1.0,0.0,0.0,0.0,0.0
1.381,1.0,0.0,0.0,0.0,0.0
1.3820000000000001,1.0,0.0,0.0,0.0,0.0
1.383,1.0,0.0,0.0,0.0,0.0
1.3840000000000001,1.0,0.0,0.0,0.0,0.0
1.385,1.0,0.0,0.0,0.0,0.0
1.3860000000000001,1.0,0.0,0.0,0.0,0.0
1.387,1.0,0.0,0.0,0.0,0.0
1.3880000000000001,1.0,0.0,0.0,0.0,0.0
1.389,1.0,0.0,0.0,0.0,0.0
1.3900000000000001,1.0,0.0,0.0,0.0,0.0
1.391,1.0,0.0,0.0,0.0,0.0
1.3920000000000001,1.0,0.0,0.0,0.0,0.0
1.393,1.0,0.0,0.0,0.0,0.0
1.3940000000000001,1.0,0.0,0.0,0.0,0.0
1.395,1.0,0.0,0.0,0.0,0.0
1.3960000000000001,1.0,0.0,0.0,0.0,0.0
1.397,1.0,0.0,0.0,0.0,0.0
1.3980000000000001,1.0,0.0,0.0,0.0,0.0
1.399,1.0,0.0,0.0,0.0,0.0
1.4000000000000001,1.0,0.0,0.0,0.0,0.0
1.401,1.0,0.0,0.0,0.0,0.0
1.4020000000000001,1.0,0.0,0.0,0.0,0.0
1.403,1.0,0.0,0.0,0.0,0.0
1.4040000000000001,1.0,0.0,0.0,0.0,0.0
1.405,1.0,0.0,0.0,0.0,0.0
1.4060000000000001,1.0,0.0,0.0,0.0,0.0
1.407,1.0,0.0,0.0,0.0,0.0
1.408,1.0,0.0,0.0,0.0,0.0
1.409,1.0,0.0,0.0,0.0,0.0
1.41,1.0,0.0,0.0,0.0,0.0
1.411,1.0,0.0,0.0,0.0,0.0
1.412,1.0,0.0,0.0,0.0,0.0
1.413,1.0,0.0,0.0,0.0,0.0
1.414,1.0,0.0,0.0,0.0,0.0
1.415,1.0,0.0,0.0,0.0,0.0
1.416,1.0,0.0,0.0,0.0,0.0
1.417,1.0,0.0,0.0,0.0,0.0
1.418,1.0,0.0,0.0,0.0,0.0
1.419,1.0,0.0,0.0,0.0,0.0
1.42,1.0,0.0,0.0,0.0,0.0
1.421,1.0,0.0,0.0,0.0,0.0
1.422,1.0,0.0,0.0,0.0,0.0
1.423,1.0,0.0,0.0,0.0,0.0
1.424,1.0,0.0,0.0,0.0,0.0
1.425,1.0,0.0,0.0,0.0,0.0
1.426,1.0,0.0,0.0,0.0,0.0
1.427,1.0,0.0,0.0,0.0,0.0
1.428,1.0,0.0,0.0,0.0,0.0
1.429,1.0,0.0,0.0,0.0,0.0
1.43,1.0,0.0,0.0,0.0,0.0
1.431,1.0,0.0,0.0,0.0,0.0
1.432,1.0,0.0,0.0,0.0,0.0
1.433,1.0,0.0,0.0,0.0,0.0
1.434,1.0,0.0,0.0,0.0,0.0
1.435,1.0,0.0,0.0,0.0,0.0
1.436,1.0,0.0,0.0,0.0,0.0
1.437,1.0,0.0,0.0,0.0,0.0
1.438,1.0,0.0,0.0,0.0,0.0
1.439,1.0,0.0,0.0,0.0,0.0
1.44,1.0,0.0,0.0,0.0,0.0
1.441,1.0,0.0,0.0,0.0,0.0
1.442,1.0,0.0,0.0,0.0,0.0
1.443,1.0,0.0,0.0,0.0,0.0
1.444,1.0,0.0,0.0,0.0,0.0
1.445,1.0,0.0,0.0,0.0,0.0
1.446,1.0,0.0,0.0,0.0,0.0
1.447,1.0,0.0,0.0,0.0,0.0
1.448,1.0,0.0,0.0,0.0,0.0
1.449,1.0,0.0,0.0,0.0,0.0
1.45,1.0,0.0,0.0,0.0,0.0
1.451,1.0,0.0,0.0,0.0,0.0
1.452,1.0,0.0,0.0,0.0,0.0
1.453,1.0,0.0,0.0,0.0,0.0
1.454,1.0,0.0,0.0,0.0,0.0
1.455,1.0,0.0,0.0,0.0,0.0
1.456,1.0,0.0,0.0,0.0,0.0
1.457,1.0,0.0,0.0,0.0,0.0
1.458,1.0,0.0,0.0,0.0,0.0
1.459,1.0,0.0,0.0,0.0,0.0
1.46,1.0,0.0,0.0,0.0,0.0
1.461,1.0,0.0,0.0,0.0,0.0
1.462,1.0,0.0,0.0,0.0,0.0
1.463,1.0,0.0,0.0,0.0,0.0
1.464,1.0,0.0,0.0,0.0,0.0
1.465,1.0,0.0,0.0,0.0,0.0
1.466,1.0,0.0,0.0,0.0,0.0
1.467,1.0,0.0,0.0,0.0,0.0
1.468,1.0,0.0,0.0,0.0,0.0
1.469,1.0,0.0,0.0,0.0,0.0
1.47,1.0,0.0,0.0,0.0,0.0
1.471,1.0,0.0,0.0,0.0,0.0
1.472,1.0,0.0,0.0,0.0,0.0
1.473,1.0,0.0,0.0,0.0,0.0
1.474,1.0,0.0,0.0,0.0,0.0
1.475,1.0,0.0,0.0,0.0,0.0
1.476,1.0,0.0,0.0,0.0,0.0
1.477,1.0,0.0,0.0,0.0,0.0
1.478,1.0,0.0,0.0,0.0,0.0
1.479,1.0,0.0,0.0,0.0,0.0
1.48,1.0,0.0,0.0,0.0,0.0
1.481,1.0,0.0,0.0,0.0,0.0
1.482,1.0,0.0,0.0,0.0,0.0
1.483,1.0,0.0,0.0,0.0,0.0
1.484,1.0,0.0,0.0,0.0,0.0
1.485,1.0,0.0,0.0,0.0,0.0
1.486,1.0,0.0,0.0,0.0,0.0
1.487,1.0,0.0,0.0,0.0,0.0
1.488,1.0,0.0,0.0,0.0,0.0
1.489,1.0,0.0,0.0,0.0,0.0
1.49,1.0,0.0,0.0,0.0,0.0
1.491,1.0,0.0,0.0,0.0,0.0
1.492,1.0,0.0,0.0,0.0,0.0
1.493,1.0,0.0,0.0,0.0,0.0
1.494,1.0,0.0,0.0,0.0,0.0
1.495,1.0,0.0,0.0,0.0,0.0
1.496,1.0,0.0,0.0,0.0,0.0
1.497,1.0,0.0,0.0,0.0,0.0
1.498,1.0,0.0,0.0,0.0,0.0
1.499,1.0,0.0,0.0,0.0,0.0
1.5,1.0,0.0,0.0,0.0,0.0
1.5010000000000001,1.0,0.0,0.0,0.0,0.0
1.502,1.0,0.0,0.0,0.0,0.0
1.5030000000000001,1.0,0.0,0.0,0.0,0.0
1.504,1.0,0.0,0.0,0.0,0.0
1.5050000000000001,1.0,0.0,0.0,0.0,0.0
1.506,1.0,0.0,0.0,0.0,0.0
1.5070000000000001,1.0,0.0,0.0,0.0,0.0
1.508,1.0,0.0,0.0,0.0,0.0
1.5090000000000001,1.0,0.0,0.0,0.0,0.0
1.51,1.0,0.0,0.0,0.0,0.0
1.5110000000000001,1.0,0.0,0.0,0.0,0.0
1.512,1.0,0.0,0.0,0.0,0.0
1.5130000000000001,1.0,0.0,0.0,0.0,0.0
1.514,1.0,0.0,0.0,0.0,0.0
1.5150000000000001,1.0,0.0,0.0,0.0,0.0
1.516,1.0,0.0,0.0,0.0,0.0
1.5170000000000001,1.0,0.0,0.0,0.0,0.0
1.518,1.0,0.0,0.0,0.0,0.0
1.5190000000000001,1.0,0.0,0.0,0.0,0.0
1.52,1.0,0.0,0.0,0.0,0.0
1.5210000000000001,1.0,0.0,0.0,0.0,0.0
1.522,1.0,0.0,0.0,0.0,0.0
1.5230000000000001,1.0,0.0,0.0,0.0,0.0
1.524,1.0,0.0,0.0,0.0,0.0
1.5250000000000001,1.0,0.0,0.0,0.0,0.0
1.526,1.0,0.0,0.0,0.0,0.0
1.5270000000000001,1.0,0.0,0.0,0.0,0.0
1.528,1.0,0.0,0.0,0.0,0.0
1.5290000000000001,1.0,0.0,0.0,0.0,0.0
1.53,1.0,0.0,0.0,0.0,0.0
1.5310000000000001,1.0,0.0,0.0,0.0,0.0
1.532,1.0,0.0,0.0,0.0,0.0
1.5330000000000001,1.0,0.0,0.0,0.0,0.0
1.534,1.0,0.0,0.0,0.0,0.0
1.5350000000000001,1.0,0.0,0.0,0.0,0.0
1.536,1.0,0.0,0.0,0.0,0.0
1.537,1.0,0.0,0.0,0.0,0.0
1.538,1.0,0.0,0.0,0.0,0.0
1.539,1.0,0.0,0.0,0.0,0.0
1.54,1.0,0.0,0.0,0.0,0.0
1.541,1.0,0.0,0.0,0.0,0.0
1.542,1.0,0.0,0.0,0.0,0.0
1.543,1.0,0.0,0.0,0.0,0.0
1.544,1.0,0.0,0.0,0.0,0.0
1.545,1.0,0.0,0.0,0.0,0.0
1.546,1.0,0.0,0.0,0.0,0.0
1.547,1.0,0.0,0.0,0.0,0.0
1.548,1.0,0.0,0.0,0.0,0.0
1.549,1.0,0.0,0.0,0.0,0.0
1.55,1.0,0.0,0.0,0.0,0.0
1.551,1.0,0.0,0.0,0.0,0.0
1.552,1.0,0.0,0.0,0.0,0.0
1.553,1.0,0.0,0.0,0.0,0.0
1.554,1.0,0.0,0.0,0.0,0.0
1.555,1.0,0.0,0.0,0.0,0.0
1.556,1.0,0.0,0.0,0.0,0.0
1.557,1.0,0.0,0.0,0.0,0.0
1.558,1.0,0.0,0.0,0.0,0.0
1.559,1.0,0.0,0.0,0.0,0.0
1.56,1.0,0.0,0.0,0.0,0.0
1.561,1.0,0.0,0.0,0.0,0.0
1.562,1.0,0.0,0.0,0.0,0.0
1.563,1.0,0.0,0.0,0.0,0.0
1.564,1.0,0.0,0.0,0.0,0.0
1.565,1.0,0.0,0.0,0.0,0.0
1.566,1.0,0.0,0.0,0.0,0.0
1.567,1.0,0.0,0.0,0.0,0.0
1.568,1.0,0.0,0.0,0.0,0.0
1.569,1.0,0.0,0.0,0.0,0.0
1.57,1.0,0.0,0.0,0.0,0.0
1.571,1.0,0.0,0.0,0.0,0.0
1.572,1.0,0.0,0.0,0.0,0.0
1.573,1.0,0.0,0.0,0.0,0.0
1.574,1.0,0.0,0.0,0.0,0.0
1.575,1.0,0.0,0.0,0.0,0.0
1.576,1.0,0.0,0.0,0.0,0.0
1.577,1.0,0.0,0.0,0.0,0.0
1.578,1.0,0.0,0.0,0.0,0.0
1.579,1.0,0.0,0.0,0.0,0.0
1.58,1.0,0.0,0.0,0.0,0.0
1.581,1.0,0.0,0.0,0.0,0.0
1.582,1.0,0.0,0.0,0.0,0.0
1.583,1.0,0.0,0.0,0.0,0.0
1.584,1.0,0.0,0.0,0.0,0.0
1.585,1.0,0.0,0.0,0.0,0.0
1.586,1.0,0.0,0.0,0.0,0.0
1.587,1.0,0.0,0.0,0.0,0.0
1.588,1.0,0.0,0.0,0.0,0.0
1.589,1.0,0.0,0.0,0.0,0.0
1.59,1.0,0.0,0.0,0.0,0.0
1.591,1.0,0.0,0.0,0.0,0.0
1.592,1.0,0.0,0.0,0.0,0.0
1.593,1.0,0.0,0.0,0.0,0.0
1.594,1.0,0.0,0.0,0.0,0.0
1.595,1.0,0.0,0.0,0.0,0.0
1.596,1.0,0.0,0.0,0.0,0.0
1.597,1.0,0.0,0.0,0.0,0.0
1.598,1.0,0.0,0.0,0.0,0.0
1.599,1.0,0.0,0.0,0.0,0.0
1.6,1.0,0.0,0.0,0.0,0.0
1.601,1.0,0.0,0.0,0.0,0.0
1.602,1.0,0.0,0.0,0.0,0.0
1.603,1.0,0.0,0.0,0.0,0.0
1.604,1.0,0.0,0.0,0.0,0.0
1.605,1.0,0.0,0.0,0.0,0.0
1.606,1.0,0.0,0.0,0.0,0.0
1.607,1.0,0.0,0.0,0.0,0.0
1.608,1.0,0.0,0.0,0.0,0.0
1.609,1.0,0.0,0.0,0.0,0.0
1.61,1.0,0.0,0.0,0.0,0.0
1.611,1.0,0.0,0.0,0.0,0.0
1.612,1.0,0.0,0.0,0.0,0.0
1.613,1.0,0.0,0.0,0.0,0.0
1.614,1.0,0.0,0.0,0.0,0.0
1.615,1.0,0.0,0.0,0.0,0.0
1.616,1.0,0.0,0.0,0.0,0.0
1.617,1.0,0.0,0.0,0.0,0.0
1.618,1.0,0.0,0.0,0.0,0.0
1.619,1.0,0.0,0.0,0.0,0.0
1.62,1.0,0.0,0.0,0.0,0.0
1.621,1.0,0.0,0.0,0.0,0.0
1.622,1.0,0.0,0.0,0.0,0.0
1.623,1.0,0.0,0.0,0.0,0.0
1.624,1.0,0.0,0.0,0.0,0.0
1.625,1.0,0.0,0.0,0.0,0.0
1.6260000000000001,1.0,0.0,0.0,0.0,0.0
1.627,1.0,0.0,0.0,0.0,0.0
1.6280000000000001,1.0,0.0,0.0,0.0,0.0
1.629,1.0,0.0,0.0,0.0,0.0
1.6300000000000001,1.0,0.0,0.0,0.0,0.0
1.631,1.0,0.0,0.0,0.0,0.0
1.6320000000000001,1.0,0.0,0.0,0.0,0.0
1.633,1.0,0.0,0.0,0.0,0.0
1.6340000000000001,1.0,0.0,0.0,0.0,0.0
1.635,1.0,0.0,0.0,0.0,0.0
1.6360000000000001,1.0,0.0,0.0,0.0,0.0
1.637,1.0,0.0,0.0,0.0,0.0
1.6380000000000001,1.0,0.0,0.0,0.0,0.0
1.639,1.0,0.0,0.0,0.0,0.0
1.6400000000000001,1.0,0.0,0.0,0.0,0.0
1.641,1.0,0.0,0.0,0.0,0.0
1.6420000000000001,1.0,0.0,0.0,0.0,0.0
1.643,1.0,0.0,0.0,0.0,0.0
1.6440000000000001,1.0,0.0,0.0,0.0,0.0
1.645,1.0,0.0,0.0,0.0,0.0
1.6460000000000001,1.0,0.0,0.0,0.0,0.0
1.647,1.0,0.0,0.0,0.0,0.0
1.6480000000000001,1.0,0.0,0.0,0.0,0.0
1.649,1.0,0.0,0.0,0.0,0.0
1.6500000000000001,1.0,0.0,0.0,0.0,0.0
1.651,1.0,0.0,0.0,0.0,0.0
1.6520000000000001,1.0,0.0,0.0,0.0,0.0
1.653,1.0,0.0,0.0,0.0,0.0
1.6540000000000001,1.0,0.0,0.0,0.0,0.0
1.655,1.0,0.0,0.0,0.0,0.0
1.6560000000000001,1.0,0.0,0.0,0.0,0.0
1.657,1.0,0.0,0.0,0.0,0.0
1.6580000000000001,1.0,0.0,0.0,0.0,0.0
1.659,1.0,0.0,0.0,0.0,0.0
1.6600000000000001,1.0,0.0,0.0,0.0,0.0
1.661,1.0,0.0,0.0,0.0,0.0
1.6620000000000001,1.0,0.0,0.0,0.0,0.0
1.663,1.0,0.0,0.0,0.0,0.0
1.6640000000000001,1.0,0.0,0.0,0.0,0.0
1.665,1.0,0.0,0.0,0.0,0.0
1.666,1.0,0.0,0.0,0.0,0.0
1.667,1.0,0.0,0.0,0.0,0.0
1.668,1.0,0.0,0.0,0.0,0.0
1.669,1.0,0.0,0.0,0.0,0.0
1.67,1.0,0.0,0.0,0.0,0.0
1.671,1.0,0.0,0.0,0.0,0.0
1.672,1.0,0.0,0.0,0.0,0.0
1.673,1.0,0.0,0.0,0.0,0.0
1.674,1.0,0.0,0.0,0.0,0.0
1.675,1.0,0.0,0.0,0.0,0.0
1.676,1.0,0.0,0.0,0.0,0.0
1.677,1.0,0.0,0.0,0.0,0.0
1.678,1.0,0.0,0.0,0.0,0.0
1.679,1.0,0.0,0.0,0.0,0.0
1.68,1.0,0.0,0.0,0.0,0.0
1.681,1.0,0.0,0.0,0.0,0.0
1.682,1.0,0.0,0.0,0.0,0.0
1.683,1.0,0.0,0.0,0.0,0.0
1.684,1.0,0.0,0.0,0.0,0.0
1.685,1.0,0.0,0.0,0.0,0.0
1.686,1.0,0.0,0.0,0.0,0.0
1.687,1.0,0.0,0.0,0.0,0.0
1.688,1.0,0.0,0.0,0.0,0.0
1.689,1.0,0.0,0.0,0.0,0.0
1.69,1.0,0.0,0.0,0.0,0.0
1.691,1.0,0.0,0.0,0.0,0.0
1.692,1.0,0.0,0.0,0.0,0.0
1.693,1.0,0.0,0.0,0.0,0.0
1.694,1.0,0.0,0.0,0.0,0.0
1.695,1.0,0.0,0.0,0.0,0.0
1.696,1.0,0.0,0.0,0.0,0.0
1.697,1.0,0.0,0.0,0.0,0.0
1.698,1.0,0.0,0.0,0.0,0.0
1.699,1.0,0.0,0.0,0.0,0.0
1.7,1.0,0.0,0.0,0.0,0.0
1.701,1.0,0.0,0.0,0.0,0.0
1.702,1.0,0.0,0.0,0.0,0.0
1.703,1.0,0.0,0.0,0.0,0.0
1.704,1.0,0.0,0.0,0.0,0.0
1.705,1.0,0.0,0.0,0.0,0.0
1.706,1.0,0.0,0.0,0.0,0.0
1.707,1.0,0.0,0.0,0.0,0.0
1.708,1.0,0.0,0.0,0.0,0.0
1.709,1.0,0.0,0.0,0.0,0.0
1.71,1.0,0.0,0.0,0.0,0.0
1.711,1.0,0.0,0.0,0.0,0.0
1.712,1.0,0.0,0.0,0.0,0.0
1.713,1.0,0.0,0.0,0.0,0.0
1.714,1.0,0.0,0.0,0.0,0.0
1.715,1.0,0.0,0.0,0.0,0.0
1.716,1.0,0.0,0.0,0.0,0.0
1.717,1.0,0.0,0.0,0.0,0.0
1.718,1.0,0.0,0.0,0.0,0.0
1.719,1.0,0.0,0.0,0.0,0.0
1.72,1.0,0.0,0.0,0.0,0.0
1.721,1.0,0.0,0.0,0.0,0.0
1.722,1.0,0.0,0.0,0.0,0.0
1.723,1.0,0.0,0.0,0.0,0.0
1.724,1.0,0.0,0.0,0.0,0.0
1.725,1.0,0.0,0.0,0.0,0.0
1.726,1.0,0.0,0.0,0.0,0.0
1.727,1.0,0.0,0.0,0.0,0.0
1.728,1.0,0.0,0.0,0.0,0.0
1.729,1.0,0.0,0.0,0.0,0.0
1.73,1.0,0.0,0.0,0.0,0.0
1.731,1.0,0.0,0.0,0.0,0.0
1.732,1.0,0.0,0.0,0.0,0.0
1.733,1.0,0.0,0.0,0.0,0.0
1.734,1.0,0.0,0.0,0.0,0.0
1.735,1.0,0.0,0.0,0.0,0.0
1.736,1.0,0.0,0.0,0.0,0.0
1.737,1.0,0.0,0.0,0.0,0.0
1.738,1.0,0.0,0.0,0.0,0.0
1.739,1.0,0.0,0.0,0.0,0.0
1.74,1.0,0.0,0.0,0.0,0.0
1.741,1.0,0.0,0.0,0.0,0.0
1.742,1.0,0.0,0.0,0.0,0.0
1.743,1.0,0.0,0.0,0.0,0.0
1.744,1.0,0.0,0.0,0.0,0.0
1.745,1.0,0.0,0.0,0.0,0.0
1.746,1.0,0.0,0.0,0.0,0.0
1.747,1.0,0.0,0.0,0.0,0.0
1.748,1.0,0.0,0.0,0.0,0.0
1.749,1.0,0.0,0.0,0.0,0.0
1.75,1.0,0.0,0.0,0.0,0.0
1.7510000000000001,1.0,0.0,0.0,0.0,0.0
1.752,1.0,0.0,0.0,0.0,0.0
1.7530000000000001,1.0,0.0,0.0,0.0,0.0
1.754,1.0,0.0,0.0,0.0,0.0
1.7550000000000001,1.0,0.0,0.0,0.0,0.0
1.756,1.0,0.0,0.0,0.0,0.0
1.7570000000000001,1.0,0.0,0.0,0.0,0.0
1.758,1.0,0.0,0.0,0.0,0.0
1.7590000000000001,1.0,0.0,0.0,0.0,0.0
1.76,1.0,0.0,0.0,0.0,0.0
1.7610000000000001,1.0,0.0,0.0,0.0,0.0
1.762,1.0,0.0,0.0,0.0,0.0
1.7630000000000001,1.0,0.0,0.0,0.0,0.0
1.764,1.0,0.0,0.0,0.0,0.0
1.7650000000000001,1.0,0.0,0.0,0.0,0.0
1.766,1.0,0.0,0.0,0.0,0.0
1.7670000000000001,1.0,0.0,0.0,0.0,0.0
1.768,1.0,0.0,0.0,0.0,0.0
1.7690000000000001,1.0,0.0,0.0,0.0,0.0
1.77,1.0,0.0,0.0,0.0,0.0
1.7710000000000001,1.0,0.0,0.0,0.0,0.0
1.772,1.0,0.0,0.0,0.0,0.0
1.7730000000000001,1.0,0.0,0.0,0.0,0.0
1.774,1.0,0.0,0.0,0.0,0.0
1.7750000000000001,1.0,0.0,0.0,0.0,0.0
1.776,1.0,0.0,0.0,0.0,0.0
1.7770000000000001,1.0,0.0,0.0,0.0,0.0
1.778,1.0,0.0,0.0,0.0,0.0
1.7790000000000001,1.0,0.0,0.0,0.0,0.0
1.78,1.0,0.0,0.0,0.0,0.0
1.7810000000000001,1.0,0.0,0.0,0.0,0.0
1.782,1.0,0.0,0.0,0.0,0.0
1.7830000000000001,1.0,0.0,0.0,0.0,0.0
1.784,1.0,0.0,0.0,0.0,0.0
1.7850000000000001,1.0,0.0,0.0,0.0,0.0
1.786,1.0,0.0,0.0,0.0,0.0
1.7870000000000001,1.0,0.0,0.0,0.0,0.0
1.788,1.0,0.0,0.0,0.0,0.0
1.7890000000000001,1.0,0.0,0.0,0.0,0.0
1.79,1.0,0.0,0.0,0.0,0.0
1.7910000000000001,1.0,0.0,0.0,0.0,0.0
1.792,1.0,0.0,0.0,0.0,0.0
1.793,1.0,0.0,0.0,0.0,0.0
1.794,1.0,0.0,0.0,0.0,0.0
1.795,1.0,0.0,0.0,0.0,0.0
1.796,1.0,0.0,0.0,0.0,0.0
1.797,1.0,0.0,0.0,0.0,0.0
1.798,1.0,0.0,0.0,0.0,0.0
1.799,1.0,0.0,0.0,0.0,0.0
1.8,1.0,0.0,0.0,0.0,0.0
1.801,1.0,0.0,0.0,0.0,0.0
1.802,1.0,0.0,0.0,0.0,0.0
1.803,1.0,0.0,0.0,0.0,0.0
1.804,1.0,0.0,0.0,0.0,0.0
1.805,1.0,0.0,0.0,0.0,0.0
1.806,1.0,0.0,0.0,0.0,0.0
1.807,1.0,0.0,0.0,0.0,0.0
1.808,1.0,0.0,0.0,0.0,0.0
1.809,1.0,0.0,0.0,0.0,0.0
1.81,1.0,0.0,0.0,0.0,0.0
1.811,1.0,0.0,0.0,0.0,0.0
1.812,1.0,0.0,0.0,0.0,0.0
1.813,1.0,0.0,0.0,0.0,0.0
1.814,1.0,0.0,0.0,0.0,0.0
1.815,1.0,0.0,0.0,0.0,0.0
1.816,1.0,0.0,0.0,0.0,0.0
1.817,1.0,0.0,0.0,0.0,0.0
1.818,1.0,0.0,0.0,0.0,0.0
1.819,1.0,0.0,0.0,0.0,0.0
1.82,1.0,0.0,0.0,0.0,0.0
1.821,1.0,0.0,0.0,0.0,0.0
1.822,1.0,0.0,0.0,0.0,0.0
1.823,1.0,0.0,0.0,0.0,0.0
1.824,1.0,0.0,0.0,0.0,0.0
1.825,1.0,0.0,0.0,0.0,0.0
1.826,1.0,0.0,0.0,0.0,0.0
1.827,1.0,0.0,0.0,0.0,0.0
1.828,1.0,0.0,0.0,0.0,0.0
1.829,1.0,0.0,0.0,0.0,0.0
1.83,1.0,0.0,0.0,0.0,0.0
1.831,1.0,0.0,0.0,0.0,0.0
1.832,1.0,0.0,0.0,0.0,0.0
1.833,1.0,0.0,0.0,0.0,0.0
1.834,1.0,0.0,0.0,0.0,0.0
1.835,1.0,0.0,0.0,0.0,0.0
1.836,1.0,0.0,0.0,0.0,0.0
1.837,1.0,0.0,0.0,0.0,0.0
1.838,1.0,0.0,0.0,0.0,0.0
1.839,1.0,0.0,0.0,0.0,0.0
1.84,1.0,0.0,0.0,0.0,0.0
1.841,1.0,0.0,0.0,0.0,0.0
1.842,1.0,0.0,0.0,0.0,0.0
1.843,1.0,0.0,0.0,0.0,0.0
1.844,1.0,0.0,0.0,0.0,0.0
1.845,1.0,0.0,0.0,0.0,0.0
1.846,1.0,0.0,0.0,0.0,0.0
1.847,1.0,0.0,0.0,0.0,0.0
1.848,1.0,0.0,0.0,0.0,0.0
1.849,1.0,0.0,0.0,0.0,0.0
1.85,1.0,0.0,0.0,0.0,0.0
1.851,1.0,0.0,0.0,0.0,0.0
1.852,1.0,0.0,0.0,0.0,0.0
1.853,1.0,0.0,0.0,0.0,0.0
1.854,1.0,0.0,0.0,0.0,0.0
1.855,1.0,0.0,0.0,0.0,0.0
1.856,1.0,0.0,0.0,0.0,0.0
1.857,1.0,0.0,0.0,0.0,0.0
1.858,1.0,0.0,0.0,0.0,0.0
1.859,1.0,0.0,0.0,0.0,0.0
1.86,1.0,0.0,0.0,0.0,0.0
1.861,1.0,0.0,0.0,0.0,0.0
1.862,1.0,0.0,0.0,0.0,0.0
1.863,1.0,0.0,0.0,0.0,0.0
1.864,1.0,0.0,0.0,0.0,0.0
1.865,1.0,0.0,0.0,0.0,0.0
1.866,1.0,0.0,0.0,0.0,0.0
1.867,1.0,0.0,0.0,0.0,0.0
1.868,1.0,0.0,0.0,0.0,0.0
1.869,1.0,0.0,0.0,0.0,0.0
1.87,1.0,0.0,0.0,0.0,0.0
1.871,1.0,0.0,0.0,0.0,0.0
1.872,1.0,0.0,0.0,0.0,0.0
1.873,1.0,0.0,0.0,0.0,0.0
1.874,1.0,0.0,0.0,0.0,0.0
1.875,1.0,0.0,0.0,0.0,0.0
1.8760000000000001,1.0,0.0,0.0,0.0,0.0
1.877,1.0,0.0,0.0,0.0,0.0
1.8780000000000001,1.0,0.0,0.0,0.0,0.0
1.879,1.0,0.0,0.0,0.0,0.0
1.8800000000000001,1.0,0.0,0.0,0.0,0.0
1.881,1.0,0.0,0.0,0.0,0.0
1.8820000000000001,1.0,0.0,0.0,0.0,0.0
1.883,1.0,0.0,0.0,0.0,0.0
1.8840000000000001,1.0,0.0,0.0,0.0,0.0
1.885,1.0,0.0,0.0,0.0,0.0
1.8860000000000001,1.0,0.0,0.0,0.0,0.0
1.887,1.0,0.0,0.0,0.0,0.0
1.8880000000000001,1.0,0.0,0.0,0.0,0.0
1.889,1.0,0.0,0.0,0.0,0.0
1.8900000000000001,1.0,0.0,0.0,0.0,0.0
1.891,1.0,0.0,0.0,0.0,0.0
1.8920000000000001,1.0,0.0,0.0,0.0,0.0
1.893,1.0,0.0,0.0,0.0,0.0
1.8940000000000001,1.0,0.0,0.0,0.0,0.0
1.895,1.0,0.0,0.0,0.0,0.0
1.8960000000000001,1.0,0.0,0.0,0.0,0.0
1.897,1.0,0.0,0.0,0.0,0.0
1.8980000000000001,1.0,0.0,0.0,0.0,0.0
1.899,1.0,0.0,0.0,0.0,0.0
1.9000000000000001,1.0,0.0,0.0,0.0,0.0
1.901,1.0,0.0,0.0,0.0,0.0
1.9020000000000001,1.0,0.0,0.0,0.0,0.0
1.903,1.0,0.0,0.0,0.0,0.0
1.9040000000000001,1.0,0.0,0.0,0.0,0.0
1.905,1.0,0.0,0.0,0.0,0.0
1.9060000000000001,1.0,0.0,0.0,0.0,0.0
1.907,1.0,0.0,0.0,0.0,0.0
1.9080000000000001,1.0,0.0,0.0,0.0,0.0
1.909,1.0,0.0,0.0,0.0,0.0
1.9100000000000001,1.0,0.0,0.0,0.0,0.0
1.911,1.0,0.0,0.0,0.0,0.0
1.9120000000000001,1.0,0.0,0.0,0.0,0.0
1.913,1.0,0.0,0.0,0.0,0.0
1.9140000000000001,1.0,0.0,0.0,0.0,0.0
1.915,1.0,0.0,0.0,0.0,0.0
1.9160000000000001,1.0,0.0,0.0,0.0,0.0
1.917,1.0,0.0,0.0,0.0,0.0
1.9180000000000001,1.0,0.0,0.0,0.0,0.0
1.919,1.0,0.0,0.0,0.0,0.0
1.92,1.0,0.0,0.0,0.0,0.0
1.921,1.0,0.0,0.0,0.0,0.0
1.922,1.0,0.0,0.0,0.0,0.0
1.923,1.0,0.0,0.0,0.0,0.0
1.924,1.0,0.0,0.0,0.0,0.0
1.925,1.0,0.0,0.0,0.0,0.0
1.926,1.0,0.0,0.0,0.0,0.0
1.927,1.0,0.0,0.0,0.0,0.0
1.928,1.0,0.0,0.0,0.0,0.0
1.929,1.0,0.0,0.0,0.0,0.0
1.93,1.0,0.0,0.0,0.0,0.0
1.931,1.0,0.0,0.0,0.0,0.0
1.932,1.0,0.0,0.0,0.0,0.0
1.933,1.0,0.0,0.0,0.0,0.0
1.934,1.0,0.0,0.0,0.0,0.0
1.935,1.0,0.0,0.0,0.0,0.0
1.936,1.0,0.0,0.0,0.0,0.0
1.937,1.0,0.0,0.0,0.0,0.0
1.938,1.0,0.0,0.0,0.0,0.0
1.939,1.0,0.0,0.0,0.0,0.0
1.94,1.0,0.0,0.0,0.0,0.0
1.941,1.0,0.0,0.0,0.0,0.0
1.942,1.0,0.0,0.0,0.0,0.0
1.943,1.0,0.0,0.0,0.0,0.0
1.944,1.0,0.0,0.0,0.0,0.0
1.945,1.0,0.0,0.0,0.0,0.0
1.946,1.0,0.0,0.0,0.0,0.0
1.947,1.0,0.0,0.0,0.0,0.0
1.948,1.0,0.0,0.0,0.0,0.0
1.949,1.0,0.0,0.0,0.0,0.0
1.95,1.0,0.0,0.0,0.0,0.0
1.951,1.0,0.0,0.0,0.0,0.0
1.952,1.0,0.0,0.0,0.0,0.0
1.953,1.0,0.0,0.0,0.0,0.0
1.954,1.0,0.0,0.0,0.0,0.0
1.955,1.0,0.0,0.0,0.0,0.0
1.956,1.0,0.0,0.0,0.0,0.0
1.957,1.0,0.0,0.0,0.0,0.0
1.958,1.0,0.0,0.0,0.0,0.0
1.959,1.0,0.0,0.0,0.0,0.0
1.96,1.0,0.0,0.0,0.0,0.0
1.961,1.0,0.0,0.0,0.0,0.0
1.962,1.0,0.0,0.0,0.0,0.0
1.963,1.0,0.0,0.0,0.0,0.0
1.964,1.0,0.0,0.0,0.0,0.0
1.965,1.0,0.0,0.0,0.0,0.0
1.966,1.0,0.0,0.0,0.0,0.0
1.967,1.0,0.0,0.0,0.0,0.0
1.968,1.0,0.0,0.0,0.0,0.0
1.969,1.0,0.0,0.0,0.0,0.0
1.97,1.0,0.0,0.0,0.0,0.0
1.971,1.0,0.0,0.0,0.0,0.0
1.972,1.0,0.0,0.0,0.0,0.0
1.973,1.0,0.0,0.0,0.0,0.0
1.974,1.0,0.0,0.0,0.0,0.0
1.975,1.0,0.0,0.0,0.0,0.0
1.976,1.0,0.0,0.0,0.0,0.0
1.977,1.0,0.0,0.0,0.0,0.0
1.978,1.0,0.0,0.0,0.0,0.0
1.979,1.0,0.0,0.0,0.0,0.0
1.98,1.0,0.0,0.0,0.0,0.0
1.981,1.0,0.0,0.0,0.0,0.0
1.982,1.0,0.0,0.0,0.0,0.0
1.983,1.0,0.0,0.0,0.0,0.0
1.984,1.0,0.0,0.0,0.0,0.0
1.985,1.0,0.0,0.0,0.0,0.0
1.986,1.0,0.0,0.0,0.0,0.0
1.987,1.0,0.0,0.0,0.0,0.0
1.988,1.0,0.0,0.0,0.0,0.0
1.989,1.0,0.0,0.0,0.0,0.0
1.99,1.0,0.0,0.0,0.0,0.0
1.991,1.0,0.0,0.0,0.0,0.0
1.992,1.0,0.0,0.0,0.0,0.0
1.993,1.0,0.0,0.0,0.0,0.0
1.994,1.0,0.0,0.0,0.0,0.0
1.995,1.0,0.0,0.0,0.0,0.0
1.996,1.0,0.0,0.0,0.0,0.0
1.997,1.0,0.0,0.0,0.0,0.0
1.998,1.0,0.0,0.0,0.0,0.0
1.999,1.0,0.0,0.0,0.0,0.0
2.0,1.0,0.0,0.0,0.0,0.0
